{
    "source": "Australia",
    "fetch_date": "2025-05-25",
    "data": [
        {
            "country": "Afghanistan",
            "advisory_level": "Do not travel",
            "last_update": "2025-05-25"
        },
        {
            "country": "Albania",
            "advisory_level": "Exercise normal safety precautions",
            "last_update": "2025-05-25"
        },
        {
            "country": "Algeria",
            "advisory_level": "Reconsider your need to travel",
            "last_update": "2025-05-25"
        },
        {
            "country": "Andorra",
            "advisory_level": "Exercise normal safety precautions",
            "last_update": "2025-05-25"
        },
        {
            "country": "Angola",
            "advisory_level": "Exercise a high degree of caution",
            "last_update": "2025-05-25"
        },
        {
            "country": "Argentina",
            "advisory_level": "Exercise normal safety precautions",
            "last_update": "2025-05-25"
        },
        {
            "country": "Armenia",
            "advisory_level": "Exercise a high degree of caution",
            "last_update": "2025-05-25"
        },
        {
            "country": "Austria",
            "advisory_level": "Exercise normal safety precautions",
            "last_update": "2025-05-25"
        },
        {
            "country": "Azerbaijan",
            "advisory_level": "Exercise a high degree of caution",
            "last_update": "2025-05-25"
        },
        {
            "country": "Bahamas",
            "advisory_level": "Exercise normal safety precautions",
            "last_update": "2025-05-25"
        },
        {
            "country": "Bahrain",
            "advisory_level": "Exercise a high degree of caution",
            "last_update": "2025-05-25"
        },
        {
            "country": "Bangladesh",
            "advisory_level": "Exercise a high degree of caution",
            "last_update": "2025-05-25"
        },
        {
            "country": "Belarus",
            "advisory_level": "Do not travel",
            "last_update": "2025-05-25"
        },
        {
            "country": "Belgium",
            "advisory_level": "Exercise normal safety precautions",
            "last_update": "2025-05-25"
        },
        {
            "country": "Belize",
            "advisory_level": "Exercise a high degree of caution",
            "last_update": "2025-05-25"
        },
        {
            "country": "Benin",
            "advisory_level": "Exercise a high degree of caution",
            "last_update": "2025-05-25"
        },
        {
            "country": "Bhutan",
            "advisory_level": "Exercise normal safety precautions",
            "last_update": "2025-05-25"
        },
        {
            "country": "Bolivia",
            "advisory_level": "Exercise a high degree of caution",
            "last_update": "2025-05-25"
        },
        {
            "country": "Bosnia and Herzegovina",
            "advisory_level": "Exercise normal safety precautions",
            "last_update": "2025-05-25"
        },
        {
            "country": "Botswana",
            "advisory_level": "Exercise normal safety precautions",
            "last_update": "2025-05-25"
        },
        {
            "country": "Brazil",
            "advisory_level": "Exercise a high degree of caution",
            "last_update": "2025-05-25"
        },
        {
            "country": "Brunei",
            "advisory_level": "Exercise normal safety precautions",
            "last_update": "2025-05-25"
        },
        {
            "country": "Bulgaria",
            "advisory_level": "Exercise normal safety precautions",
            "last_update": "2025-05-25"
        },
        {
            "country": "Burkina Faso",
            "advisory_level": "Do not travel",
            "last_update": "2025-05-25"
        },
        {
            "country": "Burundi",
            "advisory_level": "Reconsider your need to travel",
            "last_update": "2025-05-25"
        },
        {
            "country": "Cambodia",
            "advisory_level": "Exercise a high degree of caution",
            "last_update": "2025-05-25"
        },
        {
            "country": "Cameroon",
            "advisory_level": "Reconsider your need to travel",
            "last_update": "2025-05-25"
        },
        {
            "country": "Canada",
            "advisory_level": "Exercise normal safety precautions",
            "last_update": "2025-05-25"
        },
        {
            "country": "Central African Republic",
            "advisory_level": "Do not travel",
            "last_update": "2025-05-25"
        },
        {
            "country": "Chad",
            "advisory_level": "Do not travel",
            "last_update": "2025-05-25"
        },
        {
            "country": "Chile",
            "advisory_level": "Exercise normal safety precautions",
            "last_update": "2025-05-25"
        },
        {
            "country": "China",
            "advisory_level": "Exercise a high degree of caution",
            "last_update": "2025-05-25"
        },
        {
            "country": "Colombia",
            "advisory_level": "Exercise a high degree of caution",
            "last_update": "2025-05-25"
        },
        {
            "country": "Comoros",
            "advisory_level": "Exercise a high degree of caution",
            "last_update": "2025-05-25"
        },
        {
            "country": "Congo",
            "advisory_level": "Reconsider your need to travel",
            "last_update": "2025-05-25"
        },
        {
            "country": "Costa Rica",
            "advisory_level": "Exercise a high degree of caution",
            "last_update": "2025-05-25"
        },
        {
            "country": "Croatia",
            "advisory_level": "Exercise normal safety precautions",
            "last_update": "2025-05-25"
        },
        {
            "country": "Cuba",
            "advisory_level": "Exercise a high degree of caution",
            "last_update": "2025-05-25"
        },
        {
            "country": "Cyprus",
            "advisory_level": "Exercise normal safety precautions",
            "last_update": "2025-05-25"
        },
        {
            "country": "Czech Republic",
            "advisory_level": "Exercise normal safety precautions",
            "last_update": "2025-05-25"
        },
        {
            "country": "Democratic Republic of the Congo",
            "advisory_level": "Do not travel",
            "last_update": "2025-05-25"
        },
        {
            "country": "Denmark",
            "advisory_level": "Exercise normal safety precautions",
            "last_update": "2025-05-25"
        },
        {
            "country": "Djibouti",
            "advisory_level": "Reconsider your need to travel",
            "last_update": "2025-05-25"
        },
        {
            "country": "Dominican Republic",
            "advisory_level": "Exercise a high degree of caution",
            "last_update": "2025-05-25"
        },
        {
            "country": "Ecuador",
            "advisory_level": "Exercise a high degree of caution",
            "last_update": "2025-05-25"
        },
        {
            "country": "Egypt",
            "advisory_level": "Reconsider your need to travel",
            "last_update": "2025-05-25"
        },
        {
            "country": "El Salvador",
            "advisory_level": "Exercise a high degree of caution",
            "last_update": "2025-05-25"
        },
        {
            "country": "Equatorial Guinea",
            "advisory_level": "Exercise a high degree of caution",
            "last_update": "2025-05-25"
        },
        {
            "country": "Eritrea",
            "advisory_level": "Reconsider your need to travel",
            "last_update": "2025-05-25"
        },
        {
            "country": "Estonia",
            "advisory_level": "Exercise normal safety precautions",
            "last_update": "2025-05-25"
        },
        {
            "country": "Eswatini",
            "advisory_level": "Exercise a high degree of caution",
            "last_update": "2025-05-25"
        },
        {
            "country": "Ethiopia",
            "advisory_level": "Reconsider your need to travel",
            "last_update": "2025-05-25"
        },
        {
            "country": "Fiji",
            "advisory_level": "Exercise normal safety precautions",
            "last_update": "2025-05-25"
        },
        {
            "country": "Finland",
            "advisory_level": "Exercise normal safety precautions",
            "last_update": "2025-05-25"
        },
        {
            "country": "France",
            "advisory_level": "Exercise a high degree of caution",
            "last_update": "2025-05-25"
        },
        {
            "country": "Gabon",
            "advisory_level": "Exercise a high degree of caution",
            "last_update": "2025-05-25"
        },
        {
            "country": "Gambia",
            "advisory_level": "Exercise a high degree of caution",
            "last_update": "2025-05-25"
        },
        {
            "country": "Georgia",
            "advisory_level": "Exercise a high degree of caution",
            "last_update": "2025-05-25"
        },
        {
            "country": "Germany",
            "advisory_level": "Exercise normal safety precautions",
            "last_update": "2025-05-25"
        },
        {
            "country": "Ghana",
            "advisory_level": "Exercise a high degree of caution",
            "last_update": "2025-05-25"
        },
        {
            "country": "Greece",
            "advisory_level": "Exercise normal safety precautions",
            "last_update": "2025-05-25"
        },
        {
            "country": "Guatemala",
            "advisory_level": "Exercise a high degree of caution",
            "last_update": "2025-05-25"
        },
        {
            "country": "Guinea",
            "advisory_level": "Reconsider your need to travel",
            "last_update": "2025-05-25"
        },
        {
            "country": "Guinea-Bissau",
            "advisory_level": "Reconsider your need to travel",
            "last_update": "2025-05-25"
        },
        {
            "country": "Guyana",
            "advisory_level": "Exercise a high degree of caution",
            "last_update": "2025-05-25"
        },
        {
            "country": "Haiti",
            "advisory_level": "Do not travel",
            "last_update": "2025-05-25"
        },
        {
            "country": "Honduras",
            "advisory_level": "Exercise a high degree of caution",
            "last_update": "2025-05-25"
        },
        {
            "country": "Hong Kong",
            "advisory_level": "Exercise a high degree of caution",
            "last_update": "2025-05-25"
        },
        {
            "country": "Hungary",
            "advisory_level": "Exercise normal safety precautions",
            "last_update": "2025-05-25"
        },
        {
            "country": "Iceland",
            "advisory_level": "Exercise normal safety precautions",
            "last_update": "2025-05-25"
        },
        {
            "country": "India",
            "advisory_level": "Exercise a high degree of caution",
            "last_update": "2025-05-25"
        },
        {
            "country": "Indonesia",
            "advisory_level": "Exercise a high degree of caution",
            "last_update": "2025-05-25"
        },
        {
            "country": "Iran",
            "advisory_level": "Do not travel",
            "last_update": "2025-05-25"
        },
        {
            "country": "Iraq",
            "advisory_level": "Do not travel",
            "last_update": "2025-05-25"
        },
        {
            "country": "Ireland",
            "advisory_level": "Exercise normal safety precautions",
            "last_update": "2025-05-25"
        },
        {
            "country": "Israel",
            "advisory_level": "Do not travel",
            "last_update": "2025-05-25"
        },
        {
            "country": "Italy",
            "advisory_level": "Exercise normal safety precautions",
            "last_update": "2025-05-25"
        },
        {
            "country": "Jamaica",
            "advisory_level": "Exercise a high degree of caution",
            "last_update": "2025-05-25"
        },
        {
            "country": "Japan",
            "advisory_level": "Exercise normal safety precautions",
            "last_update": "2025-05-25"
        },
        {
            "country": "Jordan",
            "advisory_level": "Exercise a high degree of caution",
            "last_update": "2025-05-25"
        },
        {
            "country": "Kazakhstan",
            "advisory_level": "Exercise a high degree of caution",
            "last_update": "2025-05-25"
        },
        {
            "country": "Kenya",
            "advisory_level": "Exercise a high degree of caution",
            "last_update": "2025-05-25"
        },
        {
            "country": "Kiribati",
            "advisory_level": "Exercise normal safety precautions",
            "last_update": "2025-05-25"
        },
        {
            "country": "Kuwait",
            "advisory_level": "Exercise a high degree of caution",
            "last_update": "2025-05-25"
        },
        {
            "country": "Kyrgyzstan",
            "advisory_level": "Exercise a high degree of caution",
            "last_update": "2025-05-25"
        },
        {
            "country": "Laos",
            "advisory_level": "Exercise a high degree of caution",
            "last_update": "2025-05-25"
        },
        {
            "country": "Latvia",
            "advisory_level": "Exercise normal safety precautions",
            "last_update": "2025-05-25"
        },
        {
            "country": "Lebanon",
            "advisory_level": "Do not travel",
            "last_update": "2025-05-25"
        },
        {
            "country": "Lesotho",
            "advisory_level": "Exercise a high degree of caution",
            "last_update": "2025-05-25"
        },
        {
            "country": "Liberia",
            "advisory_level": "Reconsider your need to travel",
            "last_update": "2025-05-25"
        },
        {
            "country": "Libya",
            "advisory_level": "Do not travel",
            "last_update": "2025-05-25"
        },
        {
            "country": "Liechtenstein",
            "advisory_level": "Exercise normal safety precautions",
            "last_update": "2025-05-25"
        },
        {
            "country": "Lithuania",
            "advisory_level": "Exercise normal safety precautions",
            "last_update": "2025-05-25"
        },
        {
            "country": "Luxembourg",
            "advisory_level": "Exercise normal safety precautions",
            "last_update": "2025-05-25"
        },
        {
            "country": "Macau",
            "advisory_level": "Exercise normal safety precautions",
            "last_update": "2025-05-25"
        },
        {
            "country": "Madagascar",
            "advisory_level": "Exercise a high degree of caution",
            "last_update": "2025-05-25"
        },
        {
            "country": "Malawi",
            "advisory_level": "Exercise a high degree of caution",
            "last_update": "2025-05-25"
        },
        {
            "country": "Malaysia",
            "advisory_level": "Exercise normal safety precautions",
            "last_update": "2025-05-25"
        },
        {
            "country": "Maldives",
            "advisory_level": "Exercise normal safety precautions",
            "last_update": "2025-05-25"
        },
        {
            "country": "Mali",
            "advisory_level": "Do not travel",
            "last_update": "2025-05-25"
        },
        {
            "country": "Malta",
            "advisory_level": "Exercise normal safety precautions",
            "last_update": "2025-05-25"
        },
        {
            "country": "Marshall Islands",
            "advisory_level": "Exercise normal safety precautions",
            "last_update": "2025-05-25"
        },
        {
            "country": "Mauritania",
            "advisory_level": "Reconsider your need to travel",
            "last_update": "2025-05-25"
        },
        {
            "country": "Mauritius",
            "advisory_level": "Exercise normal safety precautions",
            "last_update": "2025-05-25"
        },
        {
            "country": "Mexico",
            "advisory_level": "Exercise a high degree of caution",
            "last_update": "2025-05-25"
        },
        {
            "country": "Micronesia",
            "advisory_level": "Exercise normal safety precautions",
            "last_update": "2025-05-25"
        },
        {
            "country": "Moldova",
            "advisory_level": "Exercise a high degree of caution",
            "last_update": "2025-05-25"
        },
        {
            "country": "Monaco",
            "advisory_level": "Exercise normal safety precautions",
            "last_update": "2025-05-25"
        },
        {
            "country": "Mongolia",
            "advisory_level": "Exercise normal safety precautions",
            "last_update": "2025-05-25"
        },
        {
            "country": "Montenegro",
            "advisory_level": "Exercise normal safety precautions",
            "last_update": "2025-05-25"
        },
        {
            "country": "Morocco",
            "advisory_level": "Exercise a high degree of caution",
            "last_update": "2025-05-25"
        },
        {
            "country": "Mozambique",
            "advisory_level": "Exercise a high degree of caution",
            "last_update": "2025-05-25"
        },
        {
            "country": "Myanmar",
            "advisory_level": "Do not travel",
            "last_update": "2025-05-25"
        },
        {
            "country": "Namibia",
            "advisory_level": "Exercise normal safety precautions",
            "last_update": "2025-05-25"
        },
        {
            "country": "Nauru",
            "advisory_level": "Exercise normal safety precautions",
            "last_update": "2025-05-25"
        },
        {
            "country": "Nepal",
            "advisory_level": "Exercise a high degree of caution",
            "last_update": "2025-05-25"
        },
        {
            "country": "Netherlands",
            "advisory_level": "Exercise normal safety precautions",
            "last_update": "2025-05-25"
        },
        {
            "country": "New Caledonia",
            "advisory_level": "Exercise normal safety precautions",
            "last_update": "2025-05-25"
        },
        {
            "country": "New Zealand",
            "advisory_level": "Exercise normal safety precautions",
            "last_update": "2025-05-25"
        },
        {
            "country": "Nicaragua",
            "advisory_level": "Exercise a high degree of caution",
            "last_update": "2025-05-25"
        },
        {
            "country": "Niger",
            "advisory_level": "Do not travel",
            "last_update": "2025-05-25"
        },
        {
            "country": "Nigeria",
            "advisory_level": "Reconsider your need to travel",
            "last_update": "2025-05-25"
        },
        {
            "country": "North Korea",
            "advisory_level": "Do not travel",
            "last_update": "2025-05-25"
        },
        {
            "country": "North Macedonia",
            "advisory_level": "Exercise normal safety precautions",
            "last_update": "2025-05-25"
        },
        {
            "country": "Norway",
            "advisory_level": "Exercise normal safety precautions",
            "last_update": "2025-05-25"
        },
        {
            "country": "Oman",
            "advisory_level": "Exercise normal safety precautions",
            "last_update": "2025-05-25"
        },
        {
            "country": "Pakistan",
            "advisory_level": "Reconsider your need to travel",
            "last_update": "2025-05-25"
        },
        {
            "country": "Palau",
            "advisory_level": "Exercise normal safety precautions",
            "last_update": "2025-05-25"
        },
        {
            "country": "Panama",
            "advisory_level": "Exercise a high degree of caution",
            "last_update": "2025-05-25"
        },
        {
            "country": "Papua New Guinea",
            "advisory_level": "Exercise a high degree of caution",
            "last_update": "2025-05-25"
        },
        {
            "country": "Paraguay",
            "advisory_level": "Exercise a high degree of caution",
            "last_update": "2025-05-25"
        },
        {
            "country": "Peru",
            "advisory_level": "Exercise a high degree of caution",
            "last_update": "2025-05-25"
        },
        {
            "country": "Philippines",
            "advisory_level": "Exercise a high degree of caution",
            "last_update": "2025-05-25"
        },
        {
            "country": "Poland",
            "advisory_level": "Exercise normal safety precautions",
            "last_update": "2025-05-25"
        },
        {
            "country": "Portugal",
            "advisory_level": "Exercise normal safety precautions",
            "last_update": "2025-05-25"
        },
        {
            "country": "Qatar",
            "advisory_level": "Exercise normal safety precautions",
            "last_update": "2025-05-25"
        },
        {
            "country": "Romania",
            "advisory_level": "Exercise normal safety precautions",
            "last_update": "2025-05-25"
        },
        {
            "country": "Russia",
            "advisory_level": "Do not travel",
            "last_update": "2025-05-25"
        },
        {
            "country": "Rwanda",
            "advisory_level": "Exercise a high degree of caution",
            "last_update": "2025-05-25"
        },
        {
            "country": "Samoa",
            "advisory_level": "Exercise normal safety precautions",
            "last_update": "2025-05-25"
        },
        {
            "country": "San Marino",
            "advisory_level": "Exercise normal safety precautions",
            "last_update": "2025-05-25"
        },
        {
            "country": "Sao Tome and Principe",
            "advisory_level": "Exercise normal safety precautions",
            "last_update": "2025-05-25"
        },
        {
            "country": "Saudi Arabia",
            "advisory_level": "Exercise a high degree of caution",
            "last_update": "2025-05-25"
        },
        {
            "country": "Senegal",
            "advisory_level": "Exercise a high degree of caution",
            "last_update": "2025-05-25"
        },
        {
            "country": "Serbia",
            "advisory_level": "Exercise normal safety precautions",
            "last_update": "2025-05-25"
        },
        {
            "country": "Seychelles",
            "advisory_level": "Exercise normal safety precautions",
            "last_update": "2025-05-25"
        },
        {
            "country": "Sierra Leone",
            "advisory_level": "Exercise a high degree of caution",
            "last_update": "2025-05-25"
        },
        {
            "country": "Singapore",
            "advisory_level": "Exercise normal safety precautions",
            "last_update": "2025-05-25"
        },
        {
            "country": "Slovakia",
            "advisory_level": "Exercise normal safety precautions",
            "last_update": "2025-05-25"
        },
        {
            "country": "Slovenia",
            "advisory_level": "Exercise normal safety precautions",
            "last_update": "2025-05-25"
        },
        {
            "country": "Solomon Islands",
            "advisory_level": "Exercise normal safety precautions",
            "last_update": "2025-05-25"
        },
        {
            "country": "Somalia",
            "advisory_level": "Do not travel",
            "last_update": "2025-05-25"
        },
        {
            "country": "South Africa",
            "advisory_level": "Exercise a high degree of caution",
            "last_update": "2025-05-25"
        },
        {
            "country": "South Korea",
            "advisory_level": "Exercise normal safety precautions",
            "last_update": "2025-05-25"
        },
        {
            "country": "South Sudan",
            "advisory_level": "Do not travel",
            "last_update": "2025-05-25"
        },
        {
            "country": "Spain",
            "advisory_level": "Exercise normal safety precautions",
            "last_update": "2025-05-25"
        },
        {
            "country": "Sri Lanka",
            "advisory_level": "Exercise a high degree of caution",
            "last_update": "2025-05-25"
        },
        {
            "country": "Sudan",
            "advisory_level": "Do not travel",
            "last_update": "2025-05-25"
        },
        {
            "country": "Suriname",
            "advisory_level": "Exercise a high degree of caution",
            "last_update": "2025-05-25"
        },
        {
            "country": "Sweden",
            "advisory_level": "Exercise normal safety precautions",
            "last_update": "2025-05-25"
        },
        {
            "country": "Switzerland",
            "advisory_level": "Exercise normal safety precautions",
            "last_update": "2025-05-25"
        },
        {
            "country": "Syria",
            "advisory_level": "Do not travel",
            "last_update": "2025-05-25"
        },
        {
            "country": "Taiwan",
            "advisory_level": "Exercise normal safety precautions",
            "last_update": "2025-05-25"
        },
        {
            "country": "Tajikistan",
            "advisory_level": "Exercise a high degree of caution",
            "last_update": "2025-05-25"
        },
        {
            "country": "Tanzania",
            "advisory_level": "Exercise a high degree of caution",
            "last_update": "2025-05-25"
        },
        {
            "country": "Thailand",
            "advisory_level": "Exercise a high degree of caution",
            "last_update": "2025-05-25"
        },
        {
            "country": "Timor-Leste",
            "advisory_level": "Exercise a high degree of caution",
            "last_update": "2025-05-25"
        },
        {
            "country": "Togo",
            "advisory_level": "Exercise a high degree of caution",
            "last_update": "2025-05-25"
        },
        {
            "country": "Tonga",
            "advisory_level": "Exercise normal safety precautions",
            "last_update": "2025-05-25"
        },
        {
            "country": "Trinidad and Tobago",
            "advisory_level": "Exercise a high degree of caution",
            "last_update": "2025-05-25"
        },
        {
            "country": "Tunisia",
            "advisory_level": "Exercise a high degree of caution",
            "last_update": "2025-05-25"
        },
        {
            "country": "Turkey",
            "advisory_level": "Exercise a high degree of caution",
            "last_update": "2025-05-25"
        },
        {
            "country": "Turkmenistan",
            "advisory_level": "Exercise a high degree of caution",
            "last_update": "2025-05-25"
        },
        {
            "country": "Tuvalu",
            "advisory_level": "Exercise normal safety precautions",
            "last_update": "2025-05-25"
        },
        {
            "country": "Uganda",
            "advisory_level": "Exercise a high degree of caution",
            "last_update": "2025-05-25"
        },
        {
            "country": "Ukraine",
            "advisory_level": "Do not travel",
            "last_update": "2025-05-25"
        },
        {
            "country": "United Arab Emirates",
            "advisory_level": "Exercise normal safety precautions",
            "last_update": "2025-05-25"
        },
        {
            "country": "United Kingdom",
            "advisory_level": "Exercise normal safety precautions",
            "last_update": "2025-05-25"
        },
        {
            "country": "United States",
            "advisory_level": "Exercise normal safety precautions",
            "last_update": "2025-05-25"
        },
        {
            "country": "Uruguay",
            "advisory_level": "Exercise normal safety precautions",
            "last_update": "2025-05-25"
        },
        {
            "country": "Uzbekistan",
            "advisory_level": "Exercise a high degree of caution",
            "last_update": "2025-05-25"
        },
        {
            "country": "Vanuatu",
            "advisory_level": "Exercise normal safety precautions",
            "last_update": "2025-05-25"
        },
        {
            "country": "Vatican City",
            "advisory_level": "Exercise normal safety precautions",
            "last_update": "2025-05-25"
        },
        {
            "country": "Venezuela",
            "advisory_level": "Do not travel",
            "last_update": "2025-05-25"
        },
        {
            "country": "Vietnam",
            "advisory_level": "Exercise normal safety precautions",
            "last_update": "2025-05-25"
        },
        {
            "country": "Yemen",
            "advisory_level": "Do not travel",
            "last_update": "2025-05-25"
        },
        {
            "country": "Zambia",
            "advisory_level": "Exercise a high degree of caution",
            "last_update": "2025-05-25"
        },
        {
            "country": "Zimbabwe",
            "advisory_level": "Exercise a high degree of caution",
            "last_update": "2025-05-25"
        },
        {
            "country": "DATA_SOURCE_NOTE",
            "advisory_level": "Alternative data source used",
            "last_update": "2025-05-25",
            "note": "由于无法直接访问澳大利亚旅行建议网站，此数据为备用数据，可能不完全准确。请参考官方网站获取最新信息。"
        }
    ],
    "note": "由于技术原因无法直接访问官方网站，此数据为备用数据，可能不完全准确。"
}