{
    "source": "Canada",
    "fetch_date": "2025-05-25",
    "data": [
        {
            "country": "Mexico",
            "advisory_level": "Exercise a high degree of caution (with regional advisories)",
            "last_update": "2025-05-23 17:37:01"
        },
        {
            "country": "Venezuela",
            "advisory_level": "Avoid all travel",
            "last_update": "2025-05-23 16:34:02"
        },
        {
            "country": "Nigeria",
            "advisory_level": "Avoid non-essential travel (with regional advisories)",
            "last_update": "2025-05-23 12:15:45"
        },
        {
            "country": "Ecuador",
            "advisory_level": "Exercise a high degree of caution (with regional advisories)",
            "last_update": "2025-05-23 09:13:16"
        },
        {
            "country": "Spain",
            "advisory_level": "Exercise a high degree of caution",
            "last_update": "2025-05-23 08:51:47"
        },
        {
            "country": "Türkiye",
            "advisory_level": "Exercise a high degree of caution (with regional advisories)",
            "last_update": "2025-05-22 12:59:02"
        },
        {
            "country": "Peru",
            "advisory_level": "Exercise a high degree of caution (with regional advisories)",
            "last_update": "2025-05-22 11:08:41"
        },
        {
            "country": "France",
            "advisory_level": "Exercise a high degree of caution",
            "last_update": "2025-05-22 08:30:15"
        },
        {
            "country": "Qatar",
            "advisory_level": "Take normal security precautions",
            "last_update": "2025-05-22 08:29:02"
        },
        {
            "country": "Malaysia",
            "advisory_level": "Exercise a high degree of caution (with regional advisories)",
            "last_update": "2025-05-22 04:33:59"
        },
        {
            "country": "Antarctica",
            "advisory_level": "Exercise a high degree of caution",
            "last_update": "2025-05-21 14:06:33"
        },
        {
            "country": "Cameroon",
            "advisory_level": "Exercise a high degree of caution (with regional advisories)",
            "last_update": "2025-05-21 14:06:18"
        },
        {
            "country": "Afghanistan",
            "advisory_level": "Avoid all travel",
            "last_update": "2025-05-21 13:56:22"
        },
        {
            "country": "Albania",
            "advisory_level": "Take normal security precautions",
            "last_update": "2025-05-21 13:56:22"
        },
        {
            "country": "Algeria",
            "advisory_level": "Exercise a high degree of caution (with regional advisories)",
            "last_update": "2025-05-21 13:56:22"
        },
        {
            "country": "American Samoa",
            "advisory_level": "Take normal security precautions",
            "last_update": "2025-05-21 13:56:22"
        },
        {
            "country": "Andorra",
            "advisory_level": "Take normal security precautions",
            "last_update": "2025-05-21 13:56:22"
        },
        {
            "country": "Angola",
            "advisory_level": "Exercise a high degree of caution (with regional advisories)",
            "last_update": "2025-05-21 13:56:22"
        },
        {
            "country": "Anguilla",
            "advisory_level": "Take normal security precautions",
            "last_update": "2025-05-21 13:56:22"
        },
        {
            "country": "Antigua and Barbuda",
            "advisory_level": "Take normal security precautions",
            "last_update": "2025-05-21 13:56:22"
        },
        {
            "country": "Argentina",
            "advisory_level": "Take normal security precautions (with regional advisories)",
            "last_update": "2025-05-21 13:56:22"
        },
        {
            "country": "Armenia",
            "advisory_level": "Take normal security precautions (with regional advisories)",
            "last_update": "2025-05-21 13:56:22"
        },
        {
            "country": "Aruba",
            "advisory_level": "Take normal security precautions",
            "last_update": "2025-05-21 13:56:22"
        },
        {
            "country": "Australia",
            "advisory_level": "Take normal security precautions",
            "last_update": "2025-05-21 13:56:22"
        },
        {
            "country": "Austria",
            "advisory_level": "Take normal security precautions",
            "last_update": "2025-05-21 13:56:22"
        },
        {
            "country": "Azerbaijan",
            "advisory_level": "Exercise a high degree of caution (with regional advisories)",
            "last_update": "2025-05-21 13:56:22"
        },
        {
            "country": "Azores",
            "advisory_level": "Take normal security precautions",
            "last_update": "2025-05-21 13:56:22"
        },
        {
            "country": "Bahamas",
            "advisory_level": "Exercise a high degree of caution",
            "last_update": "2025-05-21 13:56:22"
        },
        {
            "country": "Bahrain",
            "advisory_level": "Exercise a high degree of caution",
            "last_update": "2025-05-21 13:56:22"
        },
        {
            "country": "Bangladesh",
            "advisory_level": "Exercise a high degree of caution (with regional advisories)",
            "last_update": "2025-05-21 13:56:22"
        },
        {
            "country": "Barbados",
            "advisory_level": "Take normal security precautions",
            "last_update": "2025-05-21 13:56:22"
        },
        {
            "country": "Belarus",
            "advisory_level": "Avoid all travel",
            "last_update": "2025-05-21 13:56:22"
        },
        {
            "country": "Belgium",
            "advisory_level": "Exercise a high degree of caution",
            "last_update": "2025-05-21 13:56:22"
        },
        {
            "country": "Belize",
            "advisory_level": "Exercise a high degree of caution (with regional advisories)",
            "last_update": "2025-05-21 13:56:22"
        },
        {
            "country": "Benin",
            "advisory_level": "Exercise a high degree of caution (with regional advisories)",
            "last_update": "2025-05-21 13:56:22"
        },
        {
            "country": "Bermuda",
            "advisory_level": "Take normal security precautions",
            "last_update": "2025-05-21 13:56:22"
        },
        {
            "country": "Bhutan",
            "advisory_level": "Take normal security precautions",
            "last_update": "2025-05-21 13:56:22"
        },
        {
            "country": "Bolivia",
            "advisory_level": "Exercise a high degree of caution",
            "last_update": "2025-05-21 13:56:22"
        },
        {
            "country": "Bonaire",
            "advisory_level": "Take normal security precautions",
            "last_update": "2025-05-21 13:56:22"
        },
        {
            "country": "Bosnia and Herzegovina",
            "advisory_level": "Exercise a high degree of caution",
            "last_update": "2025-05-21 13:56:22"
        },
        {
            "country": "Botswana",
            "advisory_level": "Exercise a high degree of caution",
            "last_update": "2025-05-21 13:56:22"
        },
        {
            "country": "Brazil",
            "advisory_level": "Exercise a high degree of caution (with regional advisories)",
            "last_update": "2025-05-21 13:56:22"
        },
        {
            "country": "British Virgin Islands",
            "advisory_level": "Take normal security precautions",
            "last_update": "2025-05-21 13:56:22"
        },
        {
            "country": "Brunei",
            "advisory_level": "Take normal security precautions",
            "last_update": "2025-05-21 13:56:22"
        },
        {
            "country": "Bulgaria",
            "advisory_level": "Take normal security precautions",
            "last_update": "2025-05-21 13:56:22"
        },
        {
            "country": "Burkina Faso",
            "advisory_level": "Avoid all travel (with regional advisories)",
            "last_update": "2025-05-21 13:56:22"
        },
        {
            "country": "Burundi",
            "advisory_level": "Avoid non-essential travel (with regional advisories)",
            "last_update": "2025-05-21 13:56:22"
        },
        {
            "country": "Cabo Verde",
            "advisory_level": "Exercise a high degree of caution",
            "last_update": "2025-05-21 13:56:22"
        },
        {
            "country": "Cambodia",
            "advisory_level": "Exercise a high degree of caution",
            "last_update": "2025-05-21 13:56:22"
        },
        {
            "country": "Canary Islands",
            "advisory_level": "Take normal security precautions",
            "last_update": "2025-05-21 13:56:22"
        },
        {
            "country": "Cayman Islands",
            "advisory_level": "Take normal security precautions",
            "last_update": "2025-05-21 13:56:22"
        },
        {
            "country": "Central African Republic",
            "advisory_level": "Avoid all travel",
            "last_update": "2025-05-21 13:56:22"
        },
        {
            "country": "Chad",
            "advisory_level": "Avoid non-essential travel (with regional advisories)",
            "last_update": "2025-05-21 13:56:22"
        },
        {
            "country": "Chile",
            "advisory_level": "Exercise a high degree of caution",
            "last_update": "2025-05-21 13:56:22"
        },
        {
            "country": "China",
            "advisory_level": "Exercise a high degree of caution",
            "last_update": "2025-05-21 13:56:22"
        },
        {
            "country": "Colombia",
            "advisory_level": "Exercise a high degree of caution (with regional advisories)",
            "last_update": "2025-05-21 13:56:22"
        },
        {
            "country": "Comoros",
            "advisory_level": "Exercise a high degree of caution",
            "last_update": "2025-05-21 13:56:22"
        },
        {
            "country": "Cook Islands",
            "advisory_level": "Take normal security precautions",
            "last_update": "2025-05-21 13:56:22"
        },
        {
            "country": "Costa Rica",
            "advisory_level": "Exercise a high degree of caution",
            "last_update": "2025-05-21 13:56:22"
        },
        {
            "country": "Côte d'Ivoire (Ivory Coast)",
            "advisory_level": "Exercise a high degree of caution (with regional advisories)",
            "last_update": "2025-05-21 13:56:22"
        },
        {
            "country": "Croatia",
            "advisory_level": "Take normal security precautions",
            "last_update": "2025-05-21 13:56:22"
        },
        {
            "country": "Cuba",
            "advisory_level": "Exercise a high degree of caution (with regional advisories)",
            "last_update": "2025-05-21 13:56:22"
        },
        {
            "country": "Curaçao",
            "advisory_level": "Take normal security precautions",
            "last_update": "2025-05-21 13:56:22"
        },
        {
            "country": "Cyprus",
            "advisory_level": "Take normal security precautions (with regional advisories)",
            "last_update": "2025-05-21 13:56:22"
        },
        {
            "country": "Czechia",
            "advisory_level": "Take normal security precautions",
            "last_update": "2025-05-21 13:56:22"
        },
        {
            "country": "Democratic Republic of Congo (Kinshasa)",
            "advisory_level": "Avoid all travel",
            "last_update": "2025-05-21 13:56:22"
        },
        {
            "country": "Denmark",
            "advisory_level": "Exercise a high degree of caution",
            "last_update": "2025-05-21 13:56:22"
        },
        {
            "country": "Djibouti",
            "advisory_level": "Exercise a high degree of caution (with regional advisories)",
            "last_update": "2025-05-21 13:56:22"
        },
        {
            "country": "Dominica",
            "advisory_level": "Take normal security precautions",
            "last_update": "2025-05-21 13:56:22"
        },
        {
            "country": "Dominican Republic",
            "advisory_level": "Exercise a high degree of caution",
            "last_update": "2025-05-21 13:56:22"
        },
        {
            "country": "Egypt",
            "advisory_level": "Exercise a high degree of caution (with regional advisories)",
            "last_update": "2025-05-21 13:56:22"
        },
        {
            "country": "El Salvador",
            "advisory_level": "Exercise a high degree of caution",
            "last_update": "2025-05-21 13:56:22"
        },
        {
            "country": "Equatorial Guinea",
            "advisory_level": "Exercise a high degree of caution",
            "last_update": "2025-05-21 13:56:22"
        },
        {
            "country": "Eritrea",
            "advisory_level": "Avoid non-essential travel (with regional advisories)",
            "last_update": "2025-05-21 13:56:22"
        },
        {
            "country": "Estonia",
            "advisory_level": "Take normal security precautions",
            "last_update": "2025-05-21 13:56:22"
        },
        {
            "country": "Eswatini",
            "advisory_level": "Exercise a high degree of caution",
            "last_update": "2025-05-21 13:56:22"
        },
        {
            "country": "Ethiopia",
            "advisory_level": "Avoid non-essential travel (with regional advisories)",
            "last_update": "2025-05-21 13:56:22"
        },
        {
            "country": "Falkland Islands",
            "advisory_level": "Take normal security precautions",
            "last_update": "2025-05-21 13:56:22"
        },
        {
            "country": "Fiji",
            "advisory_level": "Take normal security precautions",
            "last_update": "2025-05-21 13:56:22"
        },
        {
            "country": "Finland",
            "advisory_level": "Take normal security precautions",
            "last_update": "2025-05-21 13:56:22"
        },
        {
            "country": "French Guiana",
            "advisory_level": "Take normal security precautions",
            "last_update": "2025-05-21 13:56:22"
        },
        {
            "country": "French Polynesia",
            "advisory_level": "Take normal security precautions",
            "last_update": "2025-05-21 13:56:22"
        },
        {
            "country": "Gabon",
            "advisory_level": "Exercise a high degree of caution",
            "last_update": "2025-05-21 13:56:22"
        },
        {
            "country": "Gambia, The",
            "advisory_level": "Exercise a high degree of caution",
            "last_update": "2025-05-21 13:56:22"
        },
        {
            "country": "Georgia",
            "advisory_level": "Take normal security precautions (with regional advisories)",
            "last_update": "2025-05-21 13:56:22"
        },
        {
            "country": "Germany",
            "advisory_level": "Exercise a high degree of caution",
            "last_update": "2025-05-21 13:56:22"
        },
        {
            "country": "Ghana",
            "advisory_level": "Exercise a high degree of caution",
            "last_update": "2025-05-21 13:56:22"
        },
        {
            "country": "Gibraltar",
            "advisory_level": "Take normal security precautions",
            "last_update": "2025-05-21 13:56:22"
        },
        {
            "country": "Greece",
            "advisory_level": "Take normal security precautions",
            "last_update": "2025-05-21 13:56:22"
        },
        {
            "country": "Greenland",
            "advisory_level": "Take normal security precautions",
            "last_update": "2025-05-21 13:56:22"
        },
        {
            "country": "Grenada",
            "advisory_level": "Take normal security precautions",
            "last_update": "2025-05-21 13:56:22"
        },
        {
            "country": "Guadeloupe",
            "advisory_level": "Take normal security precautions",
            "last_update": "2025-05-21 13:56:22"
        },
        {
            "country": "Guam",
            "advisory_level": "Take normal security precautions",
            "last_update": "2025-05-21 13:56:22"
        },
        {
            "country": "Guatemala",
            "advisory_level": "Exercise a high degree of caution (with regional advisories)",
            "last_update": "2025-05-21 13:56:22"
        },
        {
            "country": "Guinea",
            "advisory_level": "Exercise a high degree of caution",
            "last_update": "2025-05-21 13:56:22"
        },
        {
            "country": "Guinea-Bissau",
            "advisory_level": "Exercise a high degree of caution (with regional advisories)",
            "last_update": "2025-05-21 13:56:22"
        },
        {
            "country": "Guyana",
            "advisory_level": "Exercise a high degree of caution",
            "last_update": "2025-05-21 13:56:22"
        },
        {
            "country": "Haiti",
            "advisory_level": "Avoid all travel",
            "last_update": "2025-05-21 13:56:22"
        },
        {
            "country": "Honduras",
            "advisory_level": "Exercise a high degree of caution (with regional advisories)",
            "last_update": "2025-05-21 13:56:22"
        },
        {
            "country": "Hong Kong",
            "advisory_level": "Exercise a high degree of caution",
            "last_update": "2025-05-21 13:56:22"
        },
        {
            "country": "Hungary",
            "advisory_level": "Take normal security precautions",
            "last_update": "2025-05-21 13:56:22"
        },
        {
            "country": "Iceland",
            "advisory_level": "Take normal security precautions",
            "last_update": "2025-05-21 13:56:22"
        },
        {
            "country": "India",
            "advisory_level": "Exercise a high degree of caution (with regional advisories)",
            "last_update": "2025-05-21 13:56:22"
        },
        {
            "country": "Indonesia",
            "advisory_level": "Exercise a high degree of caution (with regional advisories)",
            "last_update": "2025-05-21 13:56:22"
        },
        {
            "country": "Iran",
            "advisory_level": "Avoid all travel",
            "last_update": "2025-05-21 13:56:22"
        },
        {
            "country": "Iraq",
            "advisory_level": "Avoid all travel",
            "last_update": "2025-05-21 13:56:22"
        },
        {
            "country": "Ireland",
            "advisory_level": "Take normal security precautions",
            "last_update": "2025-05-21 13:56:22"
        },
        {
            "country": "Israel, the West Bank and the Gaza Strip",
            "advisory_level": "Avoid non-essential travel (with regional advisories)",
            "last_update": "2025-05-21 13:56:22"
        },
        {
            "country": "Italy",
            "advisory_level": "Exercise a high degree of caution",
            "last_update": "2025-05-21 13:56:22"
        },
        {
            "country": "Jamaica",
            "advisory_level": "Exercise a high degree of caution",
            "last_update": "2025-05-21 13:56:22"
        },
        {
            "country": "Japan",
            "advisory_level": "Take normal security precautions",
            "last_update": "2025-05-21 13:56:22"
        },
        {
            "country": "Jordan",
            "advisory_level": "Exercise a high degree of caution (with regional advisories)",
            "last_update": "2025-05-21 13:56:22"
        },
        {
            "country": "Kazakhstan",
            "advisory_level": "Take normal security precautions",
            "last_update": "2025-05-21 13:56:22"
        },
        {
            "country": "Kenya",
            "advisory_level": "Exercise a high degree of caution (with regional advisories)",
            "last_update": "2025-05-21 13:56:22"
        },
        {
            "country": "Kiribati",
            "advisory_level": "Take normal security precautions",
            "last_update": "2025-05-21 13:56:22"
        },
        {
            "country": "Kosovo",
            "advisory_level": "Take normal security precautions (with regional advisories)",
            "last_update": "2025-05-21 13:56:22"
        },
        {
            "country": "Kuwait",
            "advisory_level": "Exercise a high degree of caution (with regional advisories)",
            "last_update": "2025-05-21 13:56:22"
        },
        {
            "country": "Kyrgyzstan",
            "advisory_level": "Exercise a high degree of caution (with regional advisories)",
            "last_update": "2025-05-21 13:56:22"
        },
        {
            "country": "Laos",
            "advisory_level": "Exercise a high degree of caution (with regional advisories)",
            "last_update": "2025-05-21 13:56:22"
        },
        {
            "country": "Latvia",
            "advisory_level": "Take normal security precautions",
            "last_update": "2025-05-21 13:56:22"
        },
        {
            "country": "Lebanon",
            "advisory_level": "Avoid all travel",
            "last_update": "2025-05-21 13:56:22"
        },
        {
            "country": "Lesotho",
            "advisory_level": "Exercise a high degree of caution",
            "last_update": "2025-05-21 13:56:22"
        },
        {
            "country": "Liberia",
            "advisory_level": "Exercise a high degree of caution",
            "last_update": "2025-05-21 13:56:22"
        },
        {
            "country": "Libya",
            "advisory_level": "Avoid all travel",
            "last_update": "2025-05-21 13:56:22"
        },
        {
            "country": "Liechtenstein",
            "advisory_level": "Take normal security precautions",
            "last_update": "2025-05-21 13:56:22"
        },
        {
            "country": "Lithuania",
            "advisory_level": "Take normal security precautions",
            "last_update": "2025-05-21 13:56:22"
        },
        {
            "country": "Luxembourg",
            "advisory_level": "Take normal security precautions",
            "last_update": "2025-05-21 13:56:22"
        },
        {
            "country": "Macao",
            "advisory_level": "Exercise a high degree of caution",
            "last_update": "2025-05-21 13:56:22"
        },
        {
            "country": "Madagascar",
            "advisory_level": "Exercise a high degree of caution",
            "last_update": "2025-05-21 13:56:22"
        },
        {
            "country": "Malawi",
            "advisory_level": "Exercise a high degree of caution",
            "last_update": "2025-05-21 13:56:22"
        },
        {
            "country": "Maldives",
            "advisory_level": "Exercise a high degree of caution",
            "last_update": "2025-05-21 13:56:22"
        },
        {
            "country": "Mali",
            "advisory_level": "Avoid all travel",
            "last_update": "2025-05-21 13:56:22"
        },
        {
            "country": "Malta",
            "advisory_level": "Take normal security precautions",
            "last_update": "2025-05-21 13:56:22"
        },
        {
            "country": "Marshall Islands",
            "advisory_level": "Take normal security precautions",
            "last_update": "2025-05-21 13:56:22"
        },
        {
            "country": "Martinique",
            "advisory_level": "Take normal security precautions",
            "last_update": "2025-05-21 13:56:22"
        },
        {
            "country": "Mauritania",
            "advisory_level": "Avoid non-essential travel (with regional advisories)",
            "last_update": "2025-05-21 13:56:22"
        },
        {
            "country": "Mauritius",
            "advisory_level": "Take normal security precautions",
            "last_update": "2025-05-21 13:56:22"
        },
        {
            "country": "Mayotte",
            "advisory_level": "Exercise a high degree of caution",
            "last_update": "2025-05-21 13:56:22"
        },
        {
            "country": "Micronesia (FSM)",
            "advisory_level": "Take normal security precautions",
            "last_update": "2025-05-21 13:56:22"
        },
        {
            "country": "Moldova",
            "advisory_level": "Exercise a high degree of caution (with regional advisories)",
            "last_update": "2025-05-21 13:56:22"
        },
        {
            "country": "Monaco",
            "advisory_level": "Take normal security precautions",
            "last_update": "2025-05-21 13:56:22"
        },
        {
            "country": "Mongolia",
            "advisory_level": "Take normal security precautions",
            "last_update": "2025-05-21 13:56:22"
        },
        {
            "country": "Montenegro",
            "advisory_level": "Take normal security precautions",
            "last_update": "2025-05-21 13:56:22"
        },
        {
            "country": "Montserrat",
            "advisory_level": "Take normal security precautions",
            "last_update": "2025-05-21 13:56:22"
        },
        {
            "country": "Morocco",
            "advisory_level": "Exercise a high degree of caution (with regional advisories)",
            "last_update": "2025-05-21 13:56:22"
        },
        {
            "country": "Mozambique",
            "advisory_level": "Exercise a high degree of caution (with regional advisories)",
            "last_update": "2025-05-21 13:56:22"
        },
        {
            "country": "Myanmar",
            "advisory_level": "Avoid all travel",
            "last_update": "2025-05-21 13:56:22"
        },
        {
            "country": "Namibia",
            "advisory_level": "Exercise a high degree of caution",
            "last_update": "2025-05-21 13:56:22"
        },
        {
            "country": "Nauru",
            "advisory_level": "Take normal security precautions",
            "last_update": "2025-05-21 13:56:22"
        },
        {
            "country": "Nepal",
            "advisory_level": "Exercise a high degree of caution",
            "last_update": "2025-05-21 13:56:22"
        },
        {
            "country": "Netherlands",
            "advisory_level": "Exercise a high degree of caution",
            "last_update": "2025-05-21 13:56:22"
        },
        {
            "country": "New Caledonia",
            "advisory_level": "Exercise a high degree of caution (with regional advisories)",
            "last_update": "2025-05-21 13:56:22"
        },
        {
            "country": "New Zealand",
            "advisory_level": "Take normal security precautions",
            "last_update": "2025-05-21 13:56:22"
        },
        {
            "country": "Nicaragua",
            "advisory_level": "Exercise a high degree of caution",
            "last_update": "2025-05-21 13:56:22"
        },
        {
            "country": "Niger",
            "advisory_level": "Avoid all travel",
            "last_update": "2025-05-21 13:56:22"
        },
        {
            "country": "Niue",
            "advisory_level": "Take normal security precautions",
            "last_update": "2025-05-21 13:56:22"
        },
        {
            "country": "North Korea",
            "advisory_level": "Avoid all travel",
            "last_update": "2025-05-21 13:56:22"
        },
        {
            "country": "North Macedonia",
            "advisory_level": "Take normal security precautions",
            "last_update": "2025-05-21 13:56:22"
        },
        {
            "country": "Northern Marianas",
            "advisory_level": "Take normal security precautions",
            "last_update": "2025-05-21 13:56:22"
        },
        {
            "country": "Norway",
            "advisory_level": "Take normal security precautions",
            "last_update": "2025-05-21 13:56:22"
        },
        {
            "country": "Oman",
            "advisory_level": "Exercise a high degree of caution (with regional advisories)",
            "last_update": "2025-05-21 13:56:22"
        },
        {
            "country": "Pakistan",
            "advisory_level": "Avoid non-essential travel (with regional advisories)",
            "last_update": "2025-05-21 13:56:22"
        },
        {
            "country": "Palau",
            "advisory_level": "Take normal security precautions",
            "last_update": "2025-05-21 13:56:22"
        },
        {
            "country": "Panama",
            "advisory_level": "Take normal security precautions (with regional advisories)",
            "last_update": "2025-05-21 13:56:22"
        },
        {
            "country": "Papua New Guinea",
            "advisory_level": "Avoid non-essential travel",
            "last_update": "2025-05-21 13:56:22"
        },
        {
            "country": "Paraguay",
            "advisory_level": "Exercise a high degree of caution",
            "last_update": "2025-05-21 13:56:22"
        },
        {
            "country": "Philippines",
            "advisory_level": "Exercise a high degree of caution (with regional advisories)",
            "last_update": "2025-05-21 13:56:22"
        },
        {
            "country": "Poland",
            "advisory_level": "Take normal security precautions",
            "last_update": "2025-05-21 13:56:22"
        },
        {
            "country": "Portugal",
            "advisory_level": "Take normal security precautions",
            "last_update": "2025-05-21 13:56:22"
        },
        {
            "country": "Puerto Rico",
            "advisory_level": "Take normal security precautions",
            "last_update": "2025-05-21 13:56:22"
        },
        {
            "country": "Republic of Congo (Brazzaville)",
            "advisory_level": "Exercise a high degree of caution (with regional advisories)",
            "last_update": "2025-05-21 13:56:22"
        },
        {
            "country": "Réunion",
            "advisory_level": "Take normal security precautions",
            "last_update": "2025-05-21 13:56:22"
        },
        {
            "country": "Romania",
            "advisory_level": "Take normal security precautions",
            "last_update": "2025-05-21 13:56:22"
        },
        {
            "country": "Russia",
            "advisory_level": "Avoid all travel",
            "last_update": "2025-05-21 13:56:22"
        },
        {
            "country": "Rwanda",
            "advisory_level": "Take normal security precautions (with regional advisories)",
            "last_update": "2025-05-21 13:56:22"
        },
        {
            "country": "Saint Kitts and Nevis",
            "advisory_level": "Take normal security precautions",
            "last_update": "2025-05-21 13:56:22"
        },
        {
            "country": "Saint Lucia",
            "advisory_level": "Take normal security precautions",
            "last_update": "2025-05-21 13:56:22"
        },
        {
            "country": "Saint Martin",
            "advisory_level": "Take normal security precautions",
            "last_update": "2025-05-21 13:56:22"
        },
        {
            "country": "Saint Vincent & the Grenadines",
            "advisory_level": "Take normal security precautions",
            "last_update": "2025-05-21 13:56:22"
        },
        {
            "country": "Saint-Barthélemy",
            "advisory_level": "Take normal security precautions",
            "last_update": "2025-05-21 13:56:22"
        },
        {
            "country": "Saint-Pierre-et-Miquelon",
            "advisory_level": "Take normal security precautions",
            "last_update": "2025-05-21 13:56:22"
        },
        {
            "country": "Samoa",
            "advisory_level": "Take normal security precautions",
            "last_update": "2025-05-21 13:56:22"
        },
        {
            "country": "San Marino",
            "advisory_level": "Take normal security precautions",
            "last_update": "2025-05-21 13:56:22"
        },
        {
            "country": "Sao Tome and Principe",
            "advisory_level": "Take normal security precautions",
            "last_update": "2025-05-21 13:56:22"
        },
        {
            "country": "Saudi Arabia",
            "advisory_level": "Exercise a high degree of caution (with regional advisories)",
            "last_update": "2025-05-21 13:56:22"
        },
        {
            "country": "Senegal",
            "advisory_level": "Exercise a high degree of caution",
            "last_update": "2025-05-21 13:56:22"
        },
        {
            "country": "Serbia",
            "advisory_level": "Take normal security precautions (with regional advisories)",
            "last_update": "2025-05-21 13:56:22"
        },
        {
            "country": "Seychelles",
            "advisory_level": "Take normal security precautions",
            "last_update": "2025-05-21 13:56:22"
        },
        {
            "country": "Sierra Leone",
            "advisory_level": "Exercise a high degree of caution",
            "last_update": "2025-05-21 13:56:22"
        },
        {
            "country": "Singapore",
            "advisory_level": "Take normal security precautions",
            "last_update": "2025-05-21 13:56:22"
        },
        {
            "country": "Sint Maarten",
            "advisory_level": "Take normal security precautions",
            "last_update": "2025-05-21 13:56:22"
        },
        {
            "country": "Slovakia",
            "advisory_level": "Take normal security precautions",
            "last_update": "2025-05-21 13:56:22"
        },
        {
            "country": "Slovenia",
            "advisory_level": "Take normal security precautions",
            "last_update": "2025-05-21 13:56:22"
        },
        {
            "country": "Solomon Islands",
            "advisory_level": "Take normal security precautions",
            "last_update": "2025-05-21 13:56:22"
        },
        {
            "country": "Somalia",
            "advisory_level": "Avoid all travel",
            "last_update": "2025-05-21 13:56:22"
        },
        {
            "country": "South Africa",
            "advisory_level": "Exercise a high degree of caution",
            "last_update": "2025-05-21 13:56:22"
        },
        {
            "country": "South Korea",
            "advisory_level": "Take normal security precautions",
            "last_update": "2025-05-21 13:56:22"
        },
        {
            "country": "South Sudan",
            "advisory_level": "Avoid all travel",
            "last_update": "2025-05-21 13:56:22"
        },
        {
            "country": "Sri Lanka",
            "advisory_level": "Exercise a high degree of caution",
            "last_update": "2025-05-21 13:56:22"
        },
        {
            "country": "Sudan",
            "advisory_level": "Avoid all travel",
            "last_update": "2025-05-21 13:56:22"
        },
        {
            "country": "Suriname",
            "advisory_level": "Take normal security precautions",
            "last_update": "2025-05-21 13:56:22"
        },
        {
            "country": "Sweden",
            "advisory_level": "Exercise a high degree of caution",
            "last_update": "2025-05-21 13:56:22"
        },
        {
            "country": "Switzerland",
            "advisory_level": "Take normal security precautions",
            "last_update": "2025-05-21 13:56:22"
        },
        {
            "country": "Syria",
            "advisory_level": "Avoid all travel",
            "last_update": "2025-05-21 13:56:22"
        },
        {
            "country": "Taiwan",
            "advisory_level": "Take normal security precautions",
            "last_update": "2025-05-21 13:56:22"
        },
        {
            "country": "Tajikistan",
            "advisory_level": "Exercise a high degree of caution (with regional advisories)",
            "last_update": "2025-05-21 13:56:22"
        },
        {
            "country": "Tanzania",
            "advisory_level": "Exercise a high degree of caution (with regional advisories)",
            "last_update": "2025-05-21 13:56:22"
        },
        {
            "country": "Thailand",
            "advisory_level": "Exercise a high degree of caution (with regional advisories)",
            "last_update": "2025-05-21 13:56:22"
        },
        {
            "country": "Timor-Leste (East Timor)",
            "advisory_level": "Exercise a high degree of caution",
            "last_update": "2025-05-21 13:56:22"
        },
        {
            "country": "Togo",
            "advisory_level": "Exercise a high degree of caution (with regional advisories)",
            "last_update": "2025-05-21 13:56:22"
        },
        {
            "country": "Tokelau",
            "advisory_level": "Take normal security precautions",
            "last_update": "2025-05-21 13:56:22"
        },
        {
            "country": "Tonga",
            "advisory_level": "Take normal security precautions",
            "last_update": "2025-05-21 13:56:22"
        },
        {
            "country": "Trinidad and Tobago",
            "advisory_level": "Exercise a high degree of caution (with regional advisories)",
            "last_update": "2025-05-21 13:56:22"
        },
        {
            "country": "Tunisia",
            "advisory_level": "Exercise a high degree of caution (with regional advisories)",
            "last_update": "2025-05-21 13:56:22"
        },
        {
            "country": "Turkmenistan",
            "advisory_level": "Exercise a high degree of caution (with regional advisories)",
            "last_update": "2025-05-21 13:56:22"
        },
        {
            "country": "Turks and Caicos Islands",
            "advisory_level": "Exercise a high degree of caution",
            "last_update": "2025-05-21 13:56:22"
        },
        {
            "country": "Tuvalu",
            "advisory_level": "Take normal security precautions",
            "last_update": "2025-05-21 13:56:22"
        },
        {
            "country": "Uganda",
            "advisory_level": "Exercise a high degree of caution (with regional advisories)",
            "last_update": "2025-05-21 13:56:22"
        },
        {
            "country": "Ukraine",
            "advisory_level": "Avoid all travel",
            "last_update": "2025-05-21 13:56:22"
        },
        {
            "country": "United Arab Emirates",
            "advisory_level": "Exercise a high degree of caution",
            "last_update": "2025-05-21 13:56:22"
        },
        {
            "country": "United Kingdom",
            "advisory_level": "Exercise a high degree of caution",
            "last_update": "2025-05-21 13:56:22"
        },
        {
            "country": "United States",
            "advisory_level": "Take normal security precautions",
            "last_update": "2025-05-21 13:56:22"
        },
        {
            "country": "Uruguay",
            "advisory_level": "Take normal security precautions (with regional advisories)",
            "last_update": "2025-05-21 13:56:22"
        },
        {
            "country": "Uzbekistan",
            "advisory_level": "Take normal security precautions (with regional advisories)",
            "last_update": "2025-05-21 13:56:22"
        },
        {
            "country": "Vanuatu",
            "advisory_level": "Take normal security precautions",
            "last_update": "2025-05-21 13:56:22"
        },
        {
            "country": "Vietnam",
            "advisory_level": "Exercise a high degree of caution",
            "last_update": "2025-05-21 13:56:22"
        },
        {
            "country": "Virgin Islands (U.S.)",
            "advisory_level": "Take normal security precautions",
            "last_update": "2025-05-21 13:56:22"
        },
        {
            "country": "Yemen",
            "advisory_level": "Avoid all travel",
            "last_update": "2025-05-21 13:56:22"
        },
        {
            "country": "Zambia",
            "advisory_level": "Take normal security precautions (with regional advisories)",
            "last_update": "2025-05-21 13:56:22"
        },
        {
            "country": "Zimbabwe",
            "advisory_level": "Exercise a high degree of caution",
            "last_update": "2025-05-21 13:56:22"
        }
    ]
}