{
    "source": "UK",
    "fetch_date": "2025-05-25",
    "data": [
        {
            "country": "Afghanistan",
            "advisory_level": "Warning\n    FCDO advises against all travel to Afghanistan.",
            "last_update": "",
            "url": "https://www.gov.uk/foreign-travel-advice/afghanistan"
        },
        {
            "country": "Albania",
            "advisory_level": "Information available on country page",
            "last_update": "",
            "url": "https://www.gov.uk/foreign-travel-advice/albania"
        },
        {
            "country": "Algeria",
            "advisory_level": "Warning\n    FCDO advises against all travel to parts of Algeria.",
            "last_update": "",
            "url": "https://www.gov.uk/foreign-travel-advice/algeria"
        },
        {
            "country": "Andorra",
            "advisory_level": "Information available on country page",
            "last_update": "",
            "url": "https://www.gov.uk/foreign-travel-advice/andorra"
        },
        {
            "country": "Angola",
            "advisory_level": "Warning\n    FCDO advises against all but essential travel to parts of Angola.",
            "last_update": "",
            "url": "https://www.gov.uk/foreign-travel-advice/angola"
        },
        {
            "country": "Anguilla",
            "advisory_level": "Information available on country page",
            "last_update": "",
            "url": "https://www.gov.uk/foreign-travel-advice/anguilla"
        },
        {
            "country": "Antarctica/British Antarctic Territory",
            "advisory_level": "Information available on country page",
            "last_update": "",
            "url": "https://www.gov.uk/foreign-travel-advice/antarctica-british-antarctic-territory"
        },
        {
            "country": "Antigua and Barbuda",
            "advisory_level": "Information available on country page",
            "last_update": "",
            "url": "https://www.gov.uk/foreign-travel-advice/antigua-and-barbuda"
        },
        {
            "country": "Argentina",
            "advisory_level": "Information available on country page",
            "last_update": "",
            "url": "https://www.gov.uk/foreign-travel-advice/argentina"
        },
        {
            "country": "Armenia",
            "advisory_level": "Warning\n    FCDO advises against all travel to parts of Armenia.",
            "last_update": "",
            "url": "https://www.gov.uk/foreign-travel-advice/armenia"
        },
        {
            "country": "Aruba",
            "advisory_level": "Information available on country page",
            "last_update": "",
            "url": "https://www.gov.uk/foreign-travel-advice/aruba"
        },
        {
            "country": "Australia",
            "advisory_level": "Information available on country page",
            "last_update": "",
            "url": "https://www.gov.uk/foreign-travel-advice/australia"
        },
        {
            "country": "Austria",
            "advisory_level": "Information available on country page",
            "last_update": "",
            "url": "https://www.gov.uk/foreign-travel-advice/austria"
        },
        {
            "country": "Azerbaijan",
            "advisory_level": "Warning\n    FCDO advises against all travel to parts of Azerbaijan.",
            "last_update": "",
            "url": "https://www.gov.uk/foreign-travel-advice/azerbaijan"
        },
        {
            "country": "Bahamas",
            "advisory_level": "Information available on country page",
            "last_update": "",
            "url": "https://www.gov.uk/foreign-travel-advice/bahamas"
        },
        {
            "country": "Bahrain",
            "advisory_level": "Information available on country page",
            "last_update": "",
            "url": "https://www.gov.uk/foreign-travel-advice/bahrain"
        },
        {
            "country": "Bangladesh",
            "advisory_level": "Warning\n    FCDO advises against all but essential travel to parts of Bangladesh.",
            "last_update": "",
            "url": "https://www.gov.uk/foreign-travel-advice/bangladesh"
        },
        {
            "country": "Barbados",
            "advisory_level": "Information available on country page",
            "last_update": "",
            "url": "https://www.gov.uk/foreign-travel-advice/barbados"
        },
        {
            "country": "Belarus",
            "advisory_level": "Warning\n    FCDO advises against all travel to Belarus.",
            "last_update": "",
            "url": "https://www.gov.uk/foreign-travel-advice/belarus"
        },
        {
            "country": "Belgium",
            "advisory_level": "National strike action\n\n  Strike action is an ongoing issue that can cause travel disruption. General strikes took place on 31 March and 29 April. Strike action may be announced at short notice.\n\n  Monitor local news and check with your travel provider regarding potential delays. Read more information about demonstrations and strikes on the Safety and security page.",
            "last_update": "",
            "url": "https://www.gov.uk/foreign-travel-advice/belgium"
        },
        {
            "country": "Belize",
            "advisory_level": "State of emergency\n\n  Following an increase in gang violence, a one-month state of emergency was declared in parts of Belize City, the Belize District, and the Cayo District on 7 May 2025. The state of emergency grants law enforcement expanded powers and could be extended. Follow the advice of the local authorities and monitor local media.",
            "last_update": "",
            "url": "https://www.gov.uk/foreign-travel-advice/belize"
        },
        {
            "country": "Benin",
            "advisory_level": "Warning\n    FCDO advises against all travel to parts of Benin.",
            "last_update": "",
            "url": "https://www.gov.uk/foreign-travel-advice/benin"
        },
        {
            "country": "Bermuda",
            "advisory_level": "Information available on country page",
            "last_update": "",
            "url": "https://www.gov.uk/foreign-travel-advice/bermuda"
        },
        {
            "country": "Bhutan",
            "advisory_level": "Information available on country page",
            "last_update": "",
            "url": "https://www.gov.uk/foreign-travel-advice/bhutan"
        },
        {
            "country": "Bolivia",
            "advisory_level": "Warning\n    FCDO advises against all but essential travel to parts of Bolivia.",
            "last_update": "",
            "url": "https://www.gov.uk/foreign-travel-advice/bolivia"
        },
        {
            "country": "Bonaire/St Eustatius/Saba",
            "advisory_level": "Information available on country page",
            "last_update": "",
            "url": "https://www.gov.uk/foreign-travel-advice/bonaire-st-eustatius-saba"
        },
        {
            "country": "Bosnia and Herzegovina",
            "advisory_level": "Information available on country page",
            "last_update": "",
            "url": "https://www.gov.uk/foreign-travel-advice/bosnia-and-herzegovina"
        },
        {
            "country": "Botswana",
            "advisory_level": "Information available on country page",
            "last_update": "",
            "url": "https://www.gov.uk/foreign-travel-advice/botswana"
        },
        {
            "country": "Brazil",
            "advisory_level": "Warning\n    FCDO advises against all but essential travel to parts of Brazil.",
            "last_update": "",
            "url": "https://www.gov.uk/foreign-travel-advice/brazil"
        },
        {
            "country": "British Indian Ocean Territory",
            "advisory_level": "Information available on country page",
            "last_update": "",
            "url": "https://www.gov.uk/foreign-travel-advice/british-indian-ocean-territory"
        },
        {
            "country": "British Virgin Islands",
            "advisory_level": "Information available on country page",
            "last_update": "",
            "url": "https://www.gov.uk/foreign-travel-advice/british-virgin-islands"
        },
        {
            "country": "Brunei",
            "advisory_level": "Information available on country page",
            "last_update": "",
            "url": "https://www.gov.uk/foreign-travel-advice/brunei"
        },
        {
            "country": "Bulgaria",
            "advisory_level": "Information available on country page",
            "last_update": "",
            "url": "https://www.gov.uk/foreign-travel-advice/bulgaria"
        },
        {
            "country": "Burkina Faso",
            "advisory_level": "Warning\n    FCDO advises against all travel to parts of Burkina Faso.",
            "last_update": "",
            "url": "https://www.gov.uk/foreign-travel-advice/burkina-faso"
        },
        {
            "country": "Burundi",
            "advisory_level": "Warning\n    FCDO advises against all travel to parts of Burundi.",
            "last_update": "",
            "url": "https://www.gov.uk/foreign-travel-advice/burundi"
        },
        {
            "country": "Cambodia",
            "advisory_level": "Information available on country page",
            "last_update": "",
            "url": "https://www.gov.uk/foreign-travel-advice/cambodia"
        },
        {
            "country": "Cameroon",
            "advisory_level": "Warning\n    FCDO advises against all travel to parts of Cameroon.",
            "last_update": "",
            "url": "https://www.gov.uk/foreign-travel-advice/cameroon"
        },
        {
            "country": "Canada",
            "advisory_level": "Information available on country page",
            "last_update": "",
            "url": "https://www.gov.uk/foreign-travel-advice/canada"
        },
        {
            "country": "Cape Verde",
            "advisory_level": "Information available on country page",
            "last_update": "",
            "url": "https://www.gov.uk/foreign-travel-advice/cape-verde"
        },
        {
            "country": "Cayman Islands",
            "advisory_level": "Information available on country page",
            "last_update": "",
            "url": "https://www.gov.uk/foreign-travel-advice/cayman-islands"
        },
        {
            "country": "Central African Republic",
            "advisory_level": "Warning\n    FCDO advises against all travel to parts of Central African Republic.",
            "last_update": "",
            "url": "https://www.gov.uk/foreign-travel-advice/central-african-republic"
        },
        {
            "country": "Chad",
            "advisory_level": "Warning\n    FCDO advises against all travel to parts of Chad.",
            "last_update": "",
            "url": "https://www.gov.uk/foreign-travel-advice/chad"
        },
        {
            "country": "Chile",
            "advisory_level": "Information available on country page",
            "last_update": "",
            "url": "https://www.gov.uk/foreign-travel-advice/chile"
        },
        {
            "country": "China",
            "advisory_level": "Information available on country page",
            "last_update": "",
            "url": "https://www.gov.uk/foreign-travel-advice/china"
        },
        {
            "country": "Colombia",
            "advisory_level": "Warning\n    FCDO advises against all but essential travel to parts of Colombia.",
            "last_update": "",
            "url": "https://www.gov.uk/foreign-travel-advice/colombia"
        },
        {
            "country": "Comoros",
            "advisory_level": "Information available on country page",
            "last_update": "",
            "url": "https://www.gov.uk/foreign-travel-advice/comoros"
        },
        {
            "country": "Congo",
            "advisory_level": "Warning\n    FCDO advises against all travel to parts of Congo.",
            "last_update": "",
            "url": "https://www.gov.uk/foreign-travel-advice/congo"
        },
        {
            "country": "Cook Islands, Tokelau and Niue",
            "advisory_level": "Earthquake in Tonga\n\n  There has been a 7.1 magnitude earthquake in the Tonga Islands. Minor sea level fluctuations may occur in some coastal areas, including Nieu. Remain observant and exercise normal caution near the sea. Follow instructions and advice from local authorities.",
            "last_update": "",
            "url": "https://www.gov.uk/foreign-travel-advice/cook-islands-tokelau-and-niue"
        },
        {
            "country": "Costa Rica",
            "advisory_level": "Information available on country page",
            "last_update": "",
            "url": "https://www.gov.uk/foreign-travel-advice/costa-rica"
        },
        {
            "country": "Côte d'Ivoire",
            "advisory_level": "Warning\n    FCDO advises against all travel to parts of Côte d'Ivoire.",
            "last_update": "",
            "url": "https://www.gov.uk/foreign-travel-advice/cote-d-ivoire"
        },
        {
            "country": "Croatia",
            "advisory_level": "Information available on country page",
            "last_update": "",
            "url": "https://www.gov.uk/foreign-travel-advice/croatia"
        },
        {
            "country": "Cuba",
            "advisory_level": "Nationwide power outage\n\n  Cuba experienced a nationwide power outage on the evening of 14 March. Power was restored across the country on 16 March. Planned electricity outages continue across Cuba, including in Havana. In other areas of the country, power outages can be much longer. \n\n  You should take precautions such as conserving fuel and mobile phone charge, particularly if travelling outside Havana. The mobile phone network may be limited. Transport may be affected due to inability to refuel during power outages. Ensure you have enough fuel before setting off on your journey.",
            "last_update": "",
            "url": "https://www.gov.uk/foreign-travel-advice/cuba"
        },
        {
            "country": "Curaçao",
            "advisory_level": "Information available on country page",
            "last_update": "",
            "url": "https://www.gov.uk/foreign-travel-advice/curacao"
        },
        {
            "country": "Cyprus",
            "advisory_level": "Information available on country page",
            "last_update": "",
            "url": "https://www.gov.uk/foreign-travel-advice/cyprus"
        },
        {
            "country": "Czech Republic",
            "advisory_level": "Information available on country page",
            "last_update": "",
            "url": "https://www.gov.uk/foreign-travel-advice/czech-republic"
        },
        {
            "country": "Democratic Republic of the Congo",
            "advisory_level": "Warning\n    FCDO advises against all travel to parts of Democratic Republic of the Congo.",
            "last_update": "",
            "url": "https://www.gov.uk/foreign-travel-advice/democratic-republic-of-the-congo"
        },
        {
            "country": "Denmark",
            "advisory_level": "Information available on country page",
            "last_update": "",
            "url": "https://www.gov.uk/foreign-travel-advice/denmark"
        },
        {
            "country": "Djibouti",
            "advisory_level": "Warning\n    FCDO advises against all travel to parts of Djibouti.",
            "last_update": "",
            "url": "https://www.gov.uk/foreign-travel-advice/djibouti"
        },
        {
            "country": "Dominica",
            "advisory_level": "Information available on country page",
            "last_update": "",
            "url": "https://www.gov.uk/foreign-travel-advice/dominica"
        },
        {
            "country": "Dominican Republic",
            "advisory_level": "Information available on country page",
            "last_update": "",
            "url": "https://www.gov.uk/foreign-travel-advice/dominican-republic"
        },
        {
            "country": "Ecuador",
            "advisory_level": "Warning\n    FCDO advises against all but essential travel to parts of Ecuador.",
            "last_update": "",
            "url": "https://www.gov.uk/foreign-travel-advice/ecuador"
        },
        {
            "country": "Egypt",
            "advisory_level": "Warning\n    FCDO advises against all travel to parts of Egypt.",
            "last_update": "",
            "url": "https://www.gov.uk/foreign-travel-advice/egypt"
        },
        {
            "country": "El Salvador",
            "advisory_level": "Information available on country page",
            "last_update": "",
            "url": "https://www.gov.uk/foreign-travel-advice/el-salvador"
        },
        {
            "country": "Equatorial Guinea",
            "advisory_level": "Information available on country page",
            "last_update": "",
            "url": "https://www.gov.uk/foreign-travel-advice/equatorial-guinea"
        },
        {
            "country": "Eritrea",
            "advisory_level": "Warning\n    FCDO advises against all travel to parts of Eritrea.",
            "last_update": "",
            "url": "https://www.gov.uk/foreign-travel-advice/eritrea"
        },
        {
            "country": "Estonia",
            "advisory_level": "Information available on country page",
            "last_update": "",
            "url": "https://www.gov.uk/foreign-travel-advice/estonia"
        },
        {
            "country": "Eswatini",
            "advisory_level": "Eswatini - Mozambique border\n\n  There has been significant unrest across Mozambique in recent months following national elections on 9 October 2024. The situation has improved since late December, but there remains the potential for further sporadic unrest and delays or closures at the border at short notice.\n\n  Seek local advice, monitor local media and FCDO’s travel advice for Mozambique before travel.",
            "last_update": "",
            "url": "https://www.gov.uk/foreign-travel-advice/eswatini"
        },
        {
            "country": "Ethiopia",
            "advisory_level": "Warning\n    FCDO advises against all travel to parts of Ethiopia.",
            "last_update": "",
            "url": "https://www.gov.uk/foreign-travel-advice/ethiopia"
        },
        {
            "country": "Falkland Islands",
            "advisory_level": "Information available on country page",
            "last_update": "",
            "url": "https://www.gov.uk/foreign-travel-advice/falkland-islands"
        },
        {
            "country": "Federated States of Micronesia",
            "advisory_level": "Information available on country page",
            "last_update": "",
            "url": "https://www.gov.uk/foreign-travel-advice/federated-states-of-micronesia"
        },
        {
            "country": "Fiji",
            "advisory_level": "Information available on country page",
            "last_update": "",
            "url": "https://www.gov.uk/foreign-travel-advice/fiji"
        },
        {
            "country": "Finland",
            "advisory_level": "Information available on country page",
            "last_update": "",
            "url": "https://www.gov.uk/foreign-travel-advice/finland"
        },
        {
            "country": "France",
            "advisory_level": "Information available on country page",
            "last_update": "",
            "url": "https://www.gov.uk/foreign-travel-advice/france"
        },
        {
            "country": "French Guiana",
            "advisory_level": "Information available on country page",
            "last_update": "",
            "url": "https://www.gov.uk/foreign-travel-advice/french-guiana"
        },
        {
            "country": "French Polynesia",
            "advisory_level": "Information available on country page",
            "last_update": "",
            "url": "https://www.gov.uk/foreign-travel-advice/french-polynesia"
        },
        {
            "country": "Gabon",
            "advisory_level": "Information available on country page",
            "last_update": "",
            "url": "https://www.gov.uk/foreign-travel-advice/gabon"
        },
        {
            "country": "The Gambia",
            "advisory_level": "Information available on country page",
            "last_update": "",
            "url": "https://www.gov.uk/foreign-travel-advice/the-gambia"
        },
        {
            "country": "Georgia",
            "advisory_level": "Warning\n    FCDO advises against all travel to parts of Georgia.",
            "last_update": "",
            "url": "https://www.gov.uk/foreign-travel-advice/georgia"
        },
        {
            "country": "Germany",
            "advisory_level": "Information available on country page",
            "last_update": "",
            "url": "https://www.gov.uk/foreign-travel-advice/germany"
        },
        {
            "country": "Ghana",
            "advisory_level": "Warning\n    FCDO advises against all but essential travel to parts of Ghana.",
            "last_update": "",
            "url": "https://www.gov.uk/foreign-travel-advice/ghana"
        },
        {
            "country": "Gibraltar",
            "advisory_level": "Information available on country page",
            "last_update": "",
            "url": "https://www.gov.uk/foreign-travel-advice/gibraltar"
        },
        {
            "country": "Greece",
            "advisory_level": "Information available on country page",
            "last_update": "",
            "url": "https://www.gov.uk/foreign-travel-advice/greece"
        },
        {
            "country": "Grenada",
            "advisory_level": "Information available on country page",
            "last_update": "",
            "url": "https://www.gov.uk/foreign-travel-advice/grenada"
        },
        {
            "country": "Guadeloupe",
            "advisory_level": "Information available on country page",
            "last_update": "",
            "url": "https://www.gov.uk/foreign-travel-advice/guadeloupe"
        },
        {
            "country": "Guatemala",
            "advisory_level": "Warning\n    FCDO advises against all but essential travel to parts of Guatemala.",
            "last_update": "",
            "url": "https://www.gov.uk/foreign-travel-advice/guatemala"
        },
        {
            "country": "Guinea",
            "advisory_level": "Information available on country page",
            "last_update": "",
            "url": "https://www.gov.uk/foreign-travel-advice/guinea"
        },
        {
            "country": "Guinea-Bissau",
            "advisory_level": "Information available on country page",
            "last_update": "",
            "url": "https://www.gov.uk/foreign-travel-advice/guinea-bissau"
        },
        {
            "country": "Guyana",
            "advisory_level": "Ongoing Protests\n\n  There are ongoing sporadic protests in Georgetown and other locations across Guyana. Protests can take place with little notice and may become violent. Be aware of your surroundings, stay away from protests and follow the advice of local authorities.",
            "last_update": "",
            "url": "https://www.gov.uk/foreign-travel-advice/guyana"
        },
        {
            "country": "Haiti",
            "advisory_level": "Warning\n    FCDO advises against all travel to Haiti.",
            "last_update": "",
            "url": "https://www.gov.uk/foreign-travel-advice/haiti"
        },
        {
            "country": "Honduras",
            "advisory_level": "Information available on country page",
            "last_update": "",
            "url": "https://www.gov.uk/foreign-travel-advice/honduras"
        },
        {
            "country": "Hong Kong",
            "advisory_level": "Information available on country page",
            "last_update": "",
            "url": "https://www.gov.uk/foreign-travel-advice/hong-kong"
        },
        {
            "country": "Hungary",
            "advisory_level": "Information available on country page",
            "last_update": "",
            "url": "https://www.gov.uk/foreign-travel-advice/hungary"
        },
        {
            "country": "Iceland",
            "advisory_level": "Volcanic eruptions\n\n  Recently there has been a series of volcanic eruptions on the Reykjanes peninsula in south-west Iceland.\n\n  For more details see Extreme weather and natural disasters.",
            "last_update": "",
            "url": "https://www.gov.uk/foreign-travel-advice/iceland"
        },
        {
            "country": "India",
            "advisory_level": "Warning\n    FCDO advises against all travel to parts of India.",
            "last_update": "",
            "url": "https://www.gov.uk/foreign-travel-advice/india"
        },
        {
            "country": "Indonesia",
            "advisory_level": "Warning\n    FCDO advises against all travel to parts of Indonesia.",
            "last_update": "",
            "url": "https://www.gov.uk/foreign-travel-advice/indonesia"
        },
        {
            "country": "Iran",
            "advisory_level": "Warning\n    FCDO advises against all travel to Iran.",
            "last_update": "",
            "url": "https://www.gov.uk/foreign-travel-advice/iran"
        },
        {
            "country": "Iraq",
            "advisory_level": "Warning\n    FCDO advises against all travel to parts of Iraq.",
            "last_update": "",
            "url": "https://www.gov.uk/foreign-travel-advice/iraq"
        },
        {
            "country": "Ireland",
            "advisory_level": "Information available on country page",
            "last_update": "",
            "url": "https://www.gov.uk/foreign-travel-advice/ireland"
        },
        {
            "country": "Israel",
            "advisory_level": "Warning\n    FCDO advises against all travel to parts of Israel.",
            "last_update": "",
            "url": "https://www.gov.uk/foreign-travel-advice/israel"
        },
        {
            "country": "Italy",
            "advisory_level": "Death of Pope Francis\n  Following the death of Pope Francis on 21 April, large crowds are expected in Rome and the Vatican City over the coming days. Please follow the advice of local authorities.",
            "last_update": "",
            "url": "https://www.gov.uk/foreign-travel-advice/italy"
        },
        {
            "country": "Jamaica",
            "advisory_level": "Information available on country page",
            "last_update": "",
            "url": "https://www.gov.uk/foreign-travel-advice/jamaica"
        },
        {
            "country": "Japan",
            "advisory_level": "Information available on country page",
            "last_update": "",
            "url": "https://www.gov.uk/foreign-travel-advice/japan"
        },
        {
            "country": "Jordan",
            "advisory_level": "Warning\n    FCDO advises against all travel to parts of Jordan.",
            "last_update": "",
            "url": "https://www.gov.uk/foreign-travel-advice/jordan"
        },
        {
            "country": "Kazakhstan",
            "advisory_level": "Information available on country page",
            "last_update": "",
            "url": "https://www.gov.uk/foreign-travel-advice/kazakhstan"
        },
        {
            "country": "Kenya",
            "advisory_level": "Warning\n    FCDO advises against all but essential travel to parts of Kenya.",
            "last_update": "",
            "url": "https://www.gov.uk/foreign-travel-advice/kenya"
        },
        {
            "country": "Kiribati",
            "advisory_level": "Information available on country page",
            "last_update": "",
            "url": "https://www.gov.uk/foreign-travel-advice/kiribati"
        },
        {
            "country": "Kosovo",
            "advisory_level": "Warning\n    FCDO advises against all but essential travel to parts of Kosovo.",
            "last_update": "",
            "url": "https://www.gov.uk/foreign-travel-advice/kosovo"
        },
        {
            "country": "Kuwait",
            "advisory_level": "Information available on country page",
            "last_update": "",
            "url": "https://www.gov.uk/foreign-travel-advice/kuwait"
        },
        {
            "country": "Kyrgyzstan",
            "advisory_level": "Information available on country page",
            "last_update": "",
            "url": "https://www.gov.uk/foreign-travel-advice/kyrgyzstan"
        },
        {
            "country": "Laos",
            "advisory_level": "Warning\n    FCDO advises against all but essential travel to parts of Laos.",
            "last_update": "",
            "url": "https://www.gov.uk/foreign-travel-advice/laos"
        },
        {
            "country": "Latvia",
            "advisory_level": "Information available on country page",
            "last_update": "",
            "url": "https://www.gov.uk/foreign-travel-advice/latvia"
        },
        {
            "country": "Lebanon",
            "advisory_level": "Warning\n    FCDO advises against all travel to parts of Lebanon.",
            "last_update": "",
            "url": "https://www.gov.uk/foreign-travel-advice/lebanon"
        },
        {
            "country": "Lesotho",
            "advisory_level": "Information available on country page",
            "last_update": "",
            "url": "https://www.gov.uk/foreign-travel-advice/lesotho"
        },
        {
            "country": "Liberia",
            "advisory_level": "Information available on country page",
            "last_update": "",
            "url": "https://www.gov.uk/foreign-travel-advice/liberia"
        },
        {
            "country": "Libya",
            "advisory_level": "Warning\n    FCDO advises against all travel to parts of Libya.",
            "last_update": "",
            "url": "https://www.gov.uk/foreign-travel-advice/libya"
        },
        {
            "country": "Liechtenstein",
            "advisory_level": "Information available on country page",
            "last_update": "",
            "url": "https://www.gov.uk/foreign-travel-advice/liechtenstein"
        },
        {
            "country": "Lithuania",
            "advisory_level": "Information available on country page",
            "last_update": "",
            "url": "https://www.gov.uk/foreign-travel-advice/lithuania"
        },
        {
            "country": "Luxembourg",
            "advisory_level": "Information available on country page",
            "last_update": "",
            "url": "https://www.gov.uk/foreign-travel-advice/luxembourg"
        },
        {
            "country": "Macao",
            "advisory_level": "Information available on country page",
            "last_update": "",
            "url": "https://www.gov.uk/foreign-travel-advice/macao"
        },
        {
            "country": "Madagascar",
            "advisory_level": "Information available on country page",
            "last_update": "",
            "url": "https://www.gov.uk/foreign-travel-advice/madagascar"
        },
        {
            "country": "Malawi",
            "advisory_level": "Information available on country page",
            "last_update": "",
            "url": "https://www.gov.uk/foreign-travel-advice/malawi"
        },
        {
            "country": "Malaysia",
            "advisory_level": "Warning\n    FCDO advises against all but essential travel to parts of Malaysia.",
            "last_update": "",
            "url": "https://www.gov.uk/foreign-travel-advice/malaysia"
        },
        {
            "country": "Maldives",
            "advisory_level": "Information available on country page",
            "last_update": "",
            "url": "https://www.gov.uk/foreign-travel-advice/maldives"
        },
        {
            "country": "Mali",
            "advisory_level": "Warning\n    FCDO advises against all travel to parts of Mali.",
            "last_update": "",
            "url": "https://www.gov.uk/foreign-travel-advice/mali"
        },
        {
            "country": "Malta",
            "advisory_level": "Information available on country page",
            "last_update": "",
            "url": "https://www.gov.uk/foreign-travel-advice/malta"
        },
        {
            "country": "Marshall Islands",
            "advisory_level": "Information available on country page",
            "last_update": "",
            "url": "https://www.gov.uk/foreign-travel-advice/marshall-islands"
        },
        {
            "country": "Martinique",
            "advisory_level": "Information available on country page",
            "last_update": "",
            "url": "https://www.gov.uk/foreign-travel-advice/martinique"
        },
        {
            "country": "Mauritania",
            "advisory_level": "Warning\n    FCDO advises against all travel to parts of Mauritania.",
            "last_update": "",
            "url": "https://www.gov.uk/foreign-travel-advice/mauritania"
        },
        {
            "country": "Mauritius",
            "advisory_level": "Information available on country page",
            "last_update": "",
            "url": "https://www.gov.uk/foreign-travel-advice/mauritius"
        },
        {
            "country": "Mayotte",
            "advisory_level": "Warning\n    FCDO advises against all but essential travel to Mayotte.",
            "last_update": "",
            "url": "https://www.gov.uk/foreign-travel-advice/mayotte"
        },
        {
            "country": "Mexico",
            "advisory_level": "Warning\n    FCDO advises against all but essential travel to parts of Mexico.",
            "last_update": "",
            "url": "https://www.gov.uk/foreign-travel-advice/mexico"
        },
        {
            "country": "Moldova",
            "advisory_level": "Warning\n    FCDO advises against all travel to parts of Moldova.",
            "last_update": "",
            "url": "https://www.gov.uk/foreign-travel-advice/moldova"
        },
        {
            "country": "Monaco",
            "advisory_level": "Information available on country page",
            "last_update": "",
            "url": "https://www.gov.uk/foreign-travel-advice/monaco"
        },
        {
            "country": "Mongolia",
            "advisory_level": "Information available on country page",
            "last_update": "",
            "url": "https://www.gov.uk/foreign-travel-advice/mongolia"
        },
        {
            "country": "Montenegro",
            "advisory_level": "Information available on country page",
            "last_update": "",
            "url": "https://www.gov.uk/foreign-travel-advice/montenegro"
        },
        {
            "country": "Montserrat",
            "advisory_level": "Information available on country page",
            "last_update": "",
            "url": "https://www.gov.uk/foreign-travel-advice/montserrat"
        },
        {
            "country": "Morocco",
            "advisory_level": "Information available on country page",
            "last_update": "",
            "url": "https://www.gov.uk/foreign-travel-advice/morocco"
        },
        {
            "country": "Mozambique",
            "advisory_level": "Warning\n    FCDO advises against all travel to parts of Mozambique.",
            "last_update": "",
            "url": "https://www.gov.uk/foreign-travel-advice/mozambique"
        },
        {
            "country": "Myanmar (Burma)",
            "advisory_level": "Warning\n    FCDO advises against all travel to parts of Myanmar (Burma).",
            "last_update": "",
            "url": "https://www.gov.uk/foreign-travel-advice/myanmar"
        },
        {
            "country": "Namibia",
            "advisory_level": "New visa on arrival scheme for UK nationals\n\n  From 1 April there will be a new visa on arrival scheme for UK nationals visiting Namibia. Visas will be available to purchase on arrival at Namibian entry points, or can be applied for via a new online portal before travel to Namibia. See Entry requirements page.",
            "last_update": "",
            "url": "https://www.gov.uk/foreign-travel-advice/namibia"
        },
        {
            "country": "Nauru",
            "advisory_level": "Information available on country page",
            "last_update": "",
            "url": "https://www.gov.uk/foreign-travel-advice/nauru"
        },
        {
            "country": "Nepal",
            "advisory_level": "Information available on country page",
            "last_update": "",
            "url": "https://www.gov.uk/foreign-travel-advice/nepal"
        },
        {
            "country": "Netherlands",
            "advisory_level": "Information available on country page",
            "last_update": "",
            "url": "https://www.gov.uk/foreign-travel-advice/netherlands"
        },
        {
            "country": "New Caledonia",
            "advisory_level": "Information available on country page",
            "last_update": "",
            "url": "https://www.gov.uk/foreign-travel-advice/new-caledonia"
        },
        {
            "country": "New Zealand",
            "advisory_level": "Information available on country page",
            "last_update": "",
            "url": "https://www.gov.uk/foreign-travel-advice/new-zealand"
        },
        {
            "country": "Nicaragua",
            "advisory_level": "Information available on country page",
            "last_update": "",
            "url": "https://www.gov.uk/foreign-travel-advice/nicaragua"
        },
        {
            "country": "Niger",
            "advisory_level": "Warning\n    FCDO advises against all travel to parts of Niger.",
            "last_update": "",
            "url": "https://www.gov.uk/foreign-travel-advice/niger"
        },
        {
            "country": "Nigeria",
            "advisory_level": "Warning\n    FCDO advises against all travel to parts of Nigeria.",
            "last_update": "",
            "url": "https://www.gov.uk/foreign-travel-advice/nigeria"
        },
        {
            "country": "North Korea",
            "advisory_level": "Warning\n    FCDO advises against all but essential travel to North Korea.",
            "last_update": "",
            "url": "https://www.gov.uk/foreign-travel-advice/north-korea"
        },
        {
            "country": "North Macedonia",
            "advisory_level": "Information available on country page",
            "last_update": "",
            "url": "https://www.gov.uk/foreign-travel-advice/north-macedonia"
        },
        {
            "country": "Norway",
            "advisory_level": "Information available on country page",
            "last_update": "",
            "url": "https://www.gov.uk/foreign-travel-advice/norway"
        },
        {
            "country": "Oman",
            "advisory_level": "Information available on country page",
            "last_update": "",
            "url": "https://www.gov.uk/foreign-travel-advice/oman"
        },
        {
            "country": "Pakistan",
            "advisory_level": "Warning\n    FCDO advises against all travel to parts of Pakistan.",
            "last_update": "",
            "url": "https://www.gov.uk/foreign-travel-advice/pakistan"
        },
        {
            "country": "Palau",
            "advisory_level": "Information available on country page",
            "last_update": "",
            "url": "https://www.gov.uk/foreign-travel-advice/palau"
        },
        {
            "country": "Panama",
            "advisory_level": "Information available on country page",
            "last_update": "",
            "url": "https://www.gov.uk/foreign-travel-advice/panama"
        },
        {
            "country": "Papua New Guinea",
            "advisory_level": "Warning\n    FCDO advises against all but essential travel to parts of Papua New Guinea.",
            "last_update": "",
            "url": "https://www.gov.uk/foreign-travel-advice/papua-new-guinea"
        },
        {
            "country": "Paraguay",
            "advisory_level": "Information available on country page",
            "last_update": "",
            "url": "https://www.gov.uk/foreign-travel-advice/paraguay"
        },
        {
            "country": "Peru",
            "advisory_level": "Warning\n    FCDO advises against all but essential travel to parts of Peru.",
            "last_update": "",
            "url": "https://www.gov.uk/foreign-travel-advice/peru"
        },
        {
            "country": "Philippines",
            "advisory_level": "Warning\n    FCDO advises against all travel to parts of Philippines.",
            "last_update": "",
            "url": "https://www.gov.uk/foreign-travel-advice/philippines"
        },
        {
            "country": "Pitcairn Island",
            "advisory_level": "Information available on country page",
            "last_update": "",
            "url": "https://www.gov.uk/foreign-travel-advice/pitcairn-island"
        },
        {
            "country": "Poland",
            "advisory_level": "Information available on country page",
            "last_update": "",
            "url": "https://www.gov.uk/foreign-travel-advice/poland"
        },
        {
            "country": "Portugal",
            "advisory_level": "Information available on country page",
            "last_update": "",
            "url": "https://www.gov.uk/foreign-travel-advice/portugal"
        },
        {
            "country": "Qatar",
            "advisory_level": "Information available on country page",
            "last_update": "",
            "url": "https://www.gov.uk/foreign-travel-advice/qatar"
        },
        {
            "country": "Réunion",
            "advisory_level": "Information available on country page",
            "last_update": "",
            "url": "https://www.gov.uk/foreign-travel-advice/reunion"
        },
        {
            "country": "Romania",
            "advisory_level": "Information available on country page",
            "last_update": "",
            "url": "https://www.gov.uk/foreign-travel-advice/romania"
        },
        {
            "country": "Russia",
            "advisory_level": "Warning\n    FCDO advises against all travel to Russia.",
            "last_update": "",
            "url": "https://www.gov.uk/foreign-travel-advice/russia"
        },
        {
            "country": "Rwanda",
            "advisory_level": "Warning\n    FCDO advises against all but essential travel to parts of Rwanda.",
            "last_update": "",
            "url": "https://www.gov.uk/foreign-travel-advice/rwanda"
        },
        {
            "country": "Samoa",
            "advisory_level": "Information available on country page",
            "last_update": "",
            "url": "https://www.gov.uk/foreign-travel-advice/samoa"
        },
        {
            "country": "San Marino",
            "advisory_level": "Information available on country page",
            "last_update": "",
            "url": "https://www.gov.uk/foreign-travel-advice/san-marino"
        },
        {
            "country": "São Tomé and Principe",
            "advisory_level": "Information available on country page",
            "last_update": "",
            "url": "https://www.gov.uk/foreign-travel-advice/sao-tome-and-principe"
        },
        {
            "country": "Saudi Arabia",
            "advisory_level": "Warning\n    FCDO advises against all travel to parts of Saudi Arabia.",
            "last_update": "",
            "url": "https://www.gov.uk/foreign-travel-advice/saudi-arabia"
        },
        {
            "country": "Senegal",
            "advisory_level": "Information available on country page",
            "last_update": "",
            "url": "https://www.gov.uk/foreign-travel-advice/senegal"
        },
        {
            "country": "Serbia",
            "advisory_level": "Information available on country page",
            "last_update": "",
            "url": "https://www.gov.uk/foreign-travel-advice/serbia"
        },
        {
            "country": "Seychelles",
            "advisory_level": "Information available on country page",
            "last_update": "",
            "url": "https://www.gov.uk/foreign-travel-advice/seychelles"
        },
        {
            "country": "Sierra Leone",
            "advisory_level": "Information available on country page",
            "last_update": "",
            "url": "https://www.gov.uk/foreign-travel-advice/sierra-leone"
        },
        {
            "country": "Singapore",
            "advisory_level": "Illegal drugs\n\n  There are severe consequences for drug related crimes in Singapore. Evidence of drug use in your system on arrival or in transit will lead to refusal of entry or arrest. See Entry requirements and Safety and security pages for more information.",
            "last_update": "",
            "url": "https://www.gov.uk/foreign-travel-advice/singapore"
        },
        {
            "country": "Slovakia",
            "advisory_level": "Information available on country page",
            "last_update": "",
            "url": "https://www.gov.uk/foreign-travel-advice/slovakia"
        },
        {
            "country": "Slovenia",
            "advisory_level": "Information available on country page",
            "last_update": "",
            "url": "https://www.gov.uk/foreign-travel-advice/slovenia"
        },
        {
            "country": "Solomon Islands",
            "advisory_level": "Information available on country page",
            "last_update": "",
            "url": "https://www.gov.uk/foreign-travel-advice/solomon-islands"
        },
        {
            "country": "Somalia",
            "advisory_level": "Warning\n    FCDO advises against all travel to parts of Somalia.",
            "last_update": "",
            "url": "https://www.gov.uk/foreign-travel-advice/somalia"
        },
        {
            "country": "South Africa",
            "advisory_level": "Information available on country page",
            "last_update": "",
            "url": "https://www.gov.uk/foreign-travel-advice/south-africa"
        },
        {
            "country": "South Georgia and the South Sandwich Islands",
            "advisory_level": "Information available on country page",
            "last_update": "",
            "url": "https://www.gov.uk/foreign-travel-advice/south-georgia-and-south-sandwich-islands"
        },
        {
            "country": "South Korea",
            "advisory_level": "Information available on country page",
            "last_update": "",
            "url": "https://www.gov.uk/foreign-travel-advice/south-korea"
        },
        {
            "country": "South Sudan",
            "advisory_level": "Warning\n    FCDO advises against all travel to South Sudan.",
            "last_update": "",
            "url": "https://www.gov.uk/foreign-travel-advice/south-sudan"
        },
        {
            "country": "Spain",
            "advisory_level": "Information available on country page",
            "last_update": "",
            "url": "https://www.gov.uk/foreign-travel-advice/spain"
        },
        {
            "country": "Sri Lanka",
            "advisory_level": "Information available on country page",
            "last_update": "",
            "url": "https://www.gov.uk/foreign-travel-advice/sri-lanka"
        },
        {
            "country": "St Helena, Ascension and Tristan da Cunha",
            "advisory_level": "Information available on country page",
            "last_update": "",
            "url": "https://www.gov.uk/foreign-travel-advice/st-helena-ascension-and-tristan-da-cunha"
        },
        {
            "country": "St Kitts and Nevis",
            "advisory_level": "Information available on country page",
            "last_update": "",
            "url": "https://www.gov.uk/foreign-travel-advice/st-kitts-and-nevis"
        },
        {
            "country": "St Lucia",
            "advisory_level": "Information available on country page",
            "last_update": "",
            "url": "https://www.gov.uk/foreign-travel-advice/st-lucia"
        },
        {
            "country": "St Maarten",
            "advisory_level": "Information available on country page",
            "last_update": "",
            "url": "https://www.gov.uk/foreign-travel-advice/st-maarten"
        },
        {
            "country": "St Martin and St Barthélemy",
            "advisory_level": "Information available on country page",
            "last_update": "",
            "url": "https://www.gov.uk/foreign-travel-advice/st-martin-and-st-barthelemy"
        },
        {
            "country": "St Pierre & Miquelon",
            "advisory_level": "Information available on country page",
            "last_update": "",
            "url": "https://www.gov.uk/foreign-travel-advice/st-pierre-and-miquelon"
        },
        {
            "country": "St Vincent and the Grenadines",
            "advisory_level": "Information available on country page",
            "last_update": "",
            "url": "https://www.gov.uk/foreign-travel-advice/st-vincent-and-the-grenadines"
        },
        {
            "country": "Sudan",
            "advisory_level": "Warning\n    FCDO advises against all travel to parts of Sudan.",
            "last_update": "",
            "url": "https://www.gov.uk/foreign-travel-advice/sudan"
        },
        {
            "country": "Suriname",
            "advisory_level": "Information available on country page",
            "last_update": "",
            "url": "https://www.gov.uk/foreign-travel-advice/suriname"
        },
        {
            "country": "Sweden",
            "advisory_level": "Information available on country page",
            "last_update": "",
            "url": "https://www.gov.uk/foreign-travel-advice/sweden"
        },
        {
            "country": "Switzerland",
            "advisory_level": "Information available on country page",
            "last_update": "",
            "url": "https://www.gov.uk/foreign-travel-advice/switzerland"
        },
        {
            "country": "Syria",
            "advisory_level": "Warning\n    FCDO advises against all travel to Syria.",
            "last_update": "",
            "url": "https://www.gov.uk/foreign-travel-advice/syria"
        },
        {
            "country": "Taiwan",
            "advisory_level": "Information available on country page",
            "last_update": "",
            "url": "https://www.gov.uk/foreign-travel-advice/taiwan"
        },
        {
            "country": "Tajikistan",
            "advisory_level": "Information available on country page",
            "last_update": "",
            "url": "https://www.gov.uk/foreign-travel-advice/tajikistan"
        },
        {
            "country": "Tanzania",
            "advisory_level": "Warning\n    FCDO advises against all but essential travel to parts of Tanzania.",
            "last_update": "",
            "url": "https://www.gov.uk/foreign-travel-advice/tanzania"
        },
        {
            "country": "Thailand",
            "advisory_level": "Warning\n    FCDO advises against all but essential travel to parts of Thailand.",
            "last_update": "",
            "url": "https://www.gov.uk/foreign-travel-advice/thailand"
        },
        {
            "country": "Timor-Leste",
            "advisory_level": "Information available on country page",
            "last_update": "",
            "url": "https://www.gov.uk/foreign-travel-advice/timor-leste"
        },
        {
            "country": "Togo",
            "advisory_level": "Warning\n    FCDO advises against all travel to parts of Togo.",
            "last_update": "",
            "url": "https://www.gov.uk/foreign-travel-advice/togo"
        },
        {
            "country": "Tonga",
            "advisory_level": "Information available on country page",
            "last_update": "",
            "url": "https://www.gov.uk/foreign-travel-advice/tonga"
        },
        {
            "country": "Trinidad and Tobago",
            "advisory_level": "Information available on country page",
            "last_update": "",
            "url": "https://www.gov.uk/foreign-travel-advice/trinidad-and-tobago"
        },
        {
            "country": "Tunisia",
            "advisory_level": "Warning\n    FCDO advises against all travel to parts of Tunisia.",
            "last_update": "",
            "url": "https://www.gov.uk/foreign-travel-advice/tunisia"
        },
        {
            "country": "Turkey",
            "advisory_level": "Warning\n    FCDO advises against all travel to parts of Turkey.",
            "last_update": "",
            "url": "https://www.gov.uk/foreign-travel-advice/turkey"
        },
        {
            "country": "Turkmenistan",
            "advisory_level": "Information available on country page",
            "last_update": "",
            "url": "https://www.gov.uk/foreign-travel-advice/turkmenistan"
        },
        {
            "country": "Turks and Caicos Islands",
            "advisory_level": "Information available on country page",
            "last_update": "",
            "url": "https://www.gov.uk/foreign-travel-advice/turks-and-caicos-islands"
        },
        {
            "country": "Tuvalu",
            "advisory_level": "Information available on country page",
            "last_update": "",
            "url": "https://www.gov.uk/foreign-travel-advice/tuvalu"
        },
        {
            "country": "USA",
            "advisory_level": "Information available on country page",
            "last_update": "",
            "url": "https://www.gov.uk/foreign-travel-advice/usa"
        },
        {
            "country": "Uganda",
            "advisory_level": "Warning\n    FCDO advises against all but essential travel to parts of Uganda.",
            "last_update": "",
            "url": "https://www.gov.uk/foreign-travel-advice/uganda"
        },
        {
            "country": "Ukraine",
            "advisory_level": "Warning\n    FCDO advises against all travel to parts of Ukraine.",
            "last_update": "",
            "url": "https://www.gov.uk/foreign-travel-advice/ukraine"
        },
        {
            "country": "United Arab Emirates",
            "advisory_level": "Information available on country page",
            "last_update": "",
            "url": "https://www.gov.uk/foreign-travel-advice/united-arab-emirates"
        },
        {
            "country": "Uruguay",
            "advisory_level": "Information available on country page",
            "last_update": "",
            "url": "https://www.gov.uk/foreign-travel-advice/uruguay"
        },
        {
            "country": "Uzbekistan",
            "advisory_level": "Information available on country page",
            "last_update": "",
            "url": "https://www.gov.uk/foreign-travel-advice/uzbekistan"
        },
        {
            "country": "Vanuatu",
            "advisory_level": "Information available on country page",
            "last_update": "",
            "url": "https://www.gov.uk/foreign-travel-advice/vanuatu"
        },
        {
            "country": "Venezuela",
            "advisory_level": "Warning\n    FCDO advises against all travel to parts of Venezuela.",
            "last_update": "",
            "url": "https://www.gov.uk/foreign-travel-advice/venezuela"
        },
        {
            "country": "Vietnam",
            "advisory_level": "Information available on country page",
            "last_update": "",
            "url": "https://www.gov.uk/foreign-travel-advice/vietnam"
        },
        {
            "country": "Wallis and Futuna",
            "advisory_level": "Information available on country page",
            "last_update": "",
            "url": "https://www.gov.uk/foreign-travel-advice/wallis-and-futuna"
        },
        {
            "country": "Western Sahara",
            "advisory_level": "Warning\n    FCDO advises against all travel to parts of Western Sahara.",
            "last_update": "",
            "url": "https://www.gov.uk/foreign-travel-advice/western-sahara"
        },
        {
            "country": "Yemen",
            "advisory_level": "Warning\n    FCDO advises against all travel to Yemen.",
            "last_update": "",
            "url": "https://www.gov.uk/foreign-travel-advice/yemen"
        },
        {
            "country": "Zambia",
            "advisory_level": "Information available on country page",
            "last_update": "",
            "url": "https://www.gov.uk/foreign-travel-advice/zambia"
        },
        {
            "country": "Zimbabwe",
            "advisory_level": "Information available on country page",
            "last_update": "",
            "url": "https://www.gov.uk/foreign-travel-advice/zimbabwe"
        },
        {
            "country": "email",
            "advisory_level": "Information available on country page",
            "last_update": "",
            "url": "https://www.gov.uk/foreign-travel-advice/email-signup"
        }
    ]
}